time [s],rudder angle [deg],north position [m],east position [m],yaw angle [deg],forward speed [m/s],sideways speed [m/s],yaw rate [deg/sec],propeller shaft speed [rpm],Throttle [?],commanded load fraction me [-],commanded load fraction hsg [-],power me [kw],available power me [kw],power electrical [kw],available power electrical [kw],power [kw],propulsion power [kw],fuel rate me [kg/s],fuel rate hsg [kg/s],fuel rate [kg/s],fuel consumption me [kg],fuel consumption hsg [kg],fuel consumption [kg],motor torque [Nm],thrust force [kN],max rudder angle [deg],min rudder angle [deg],max propeller shaft speed [rpm]
188.0,1.9307775268647194,6974507.690263183,82720.78969022415,104.13652183849322,8.306220505694295,-2.5441762265528514,0.03100701782696661,514.994644299482,0.5177032715319412,0.5177032715319412,0.39215686274509803,1118.2390665089931,2160.0,200.0,510.0,1318.2390665089931,1118.2390665089931,0.06023185594620597,0.012662798496304839,0.07289465444251081,11.288552561031146,2.3869375165534703,13.675490077584607,20696.58943156903,456.62360441267896,30,-30,659.9999999999999
188.5,1.9432474913312012,6974507.909500714,82725.12771602455,104.1520253474067,8.308509647142827,-2.544194714127011,0.030803515464552858,516.1448947211902,0.5201891748582727,0.5201891748582727,0.39215686274509803,1123.6086176938688,2160.0,200.0,510.0,1323.6086176938688,1123.6086176938688,0.06049383109686418,0.012662798496304839,0.07315662959316901,11.318799476579578,2.393268915801623,13.712068392381191,20749.711043255596,458.66563749658934,30,-30,659.9999999999999
189.0,1.955869154465704,6974508.127293544,82729.46691308256,104.16742710513898,8.310924175312092,-2.5442189557650554,0.03059551971062401,517.2680022290231,0.5225995105378874,0.5225995105378874,0.39215686274509803,1128.8149427618368,2160.0,200.0,510.0,1328.8149427618368,1128.8149427618368,0.06074807094716868,0.012662798496304839,0.07341086944347351,11.349173512053163,2.3996003150497756,13.748773827102928,20800.678656441625,460.6638797607159,30,-30,659.9999999999999
189.5,1.9686228588709758,6974508.343636207,82733.80734204037,104.1827248649943,8.313460598962005,-2.5442487300177463,0.030382979321341094,518.3632459356119,0.5249324288280512,0.5249324288280512,0.39215686274509803,1133.8540462685908,2160.0,200.0,510.0,1333.8540462685908,1133.8540462685908,0.06099436517641669,0.012662798496304839,0.07365716367272153,11.379670694641371,2.405931714297928,13.785602408939289,20849.46971115652,462.6167295759424,30,-30,659.9999999999999
190.0,1.9814890533350877,6974508.558523687,82738.14906180951,104.19791635465496,8.316115338514615,-2.544283807945929,0.03016585110151397,519.4299484339331,0.527186179320029,0.527186179320029,0.39215686274509803,1138.7221473312627,2160.0,200.0,510.0,1338.7221473312627,1138.7221473312627,0.06123251277062833,0.012662798496304839,0.07389531126693316,11.410286951026686,2.412263113546081,13.822550064572756,20896.063608187163,464.5226600903596,30,-30,659.9999999999999
190.5,1.9944482086808824,6974508.771951425,82742.49212952776,104.21299928020572,8.318884731393206,-2.5443239535266615,0.029944099849840394,520.4674748003173,0.529359111328336,0.529359111328336,0.39215686274509803,1143.4156804692059,2160.0,200.0,510.0,1343.4156804692059,1143.4156804692059,0.06146232222094397,0.012662798496304839,0.0741251207172488,11.441018112137158,2.4185945127942334,13.85961262493138,20940.44168404878,466.3802189197217,30,-30,659.9999999999999
191.0,2.0074809570389864,6974508.983915335,82746.83660051851,104.22797133013064,8.321765037314947,-2.5443689240186,0.029717698341027554,521.4752315933365,0.531449674188139,0.531449674188139,0.39215686274509803,1147.9312962463803,2160.0,200.0,510.0,1347.9312962463803,1147.9312962463803,0.06168361171764443,0.012662798496304839,0.07434641021394926,11.47185991799598,2.424925912042386,13.896785830038354,20982.587187121917,468.18802776050336,30,-30,659.9999999999999
191.5,2.0205680088851814,6974509.1944118105,82751.18252825295,104.24283017930115,8.324752443531565,-2.544418470378452,0.02948662725194322,522.4526658531341,0.5334564174633807,0.5334564174633807,0.39215686274509803,1152.2658617209024,2160.0,200.0,510.0,1352.2658617209024,1152.2658617209024,0.061896209338572344,0.012662798496304839,0.07455900783487718,11.502808022665267,2.4312573112905387,13.934065333955793,21022.48525487777,469.9447819325255,30,-30,659.9999999999999
192.0,2.0336902722704058,6974509.403437737,82755.52996431474,104.25757349292714,8.327843070014426,-2.544472337636606,0.02925087512398634,523.3992641053081,0.5353779910675216,0.5353779910675216,0.39215686274509803,1156.4164607058465,2160.0,200.0,510.0,1356.4164607058465,1156.4164607058465,0.06209995323066628,0.012662798496304839,0.07476275172697111,11.5338579992806,2.4375887105386913,13.97144670981928,21060.122892091043,471.6492498577741,30,-30,659.9999999999999
192.5,2.046828806421483,6974509.6109905,82759.87895836735,104.27219893048913,8.331032974579415,-2.5445302653152715,0.029010438277539522,524.3145513730038,0.537213145299306,0.537213145299306,0.39215686274509803,1160.380393846501,2160.0,200.0,510.0,1360.380393846501,1160.380393846501,0.06229469178339108,0.012662798496304839,0.07495749027969592,11.565005345172295,2.443920109786844,14.008925454959128,21095.488949965824,473.3002724816184,30,-30,659.9999999999999
193.0,2.0599648839593274,6974509.817067991,82764.22955812384,104.2867041496279,8.33431815794882,-2.5445919878203274,0.028765320747246026,525.1980902004766,0.5389607307953187,0.5389607307953187,0.39215686274509803,1164.1551785178883,2160.0,200.0,510.0,1364.1551785178883,1164.1551785178883,0.06248028379280949,0.012662798496304839,0.07514308228911433,11.5962454870687,2.4502515090349966,14.046496996103684,21128.574106079494,474.89676264228115,30,-30,659.9999999999999
193.5,2.073079979943352,6974510.021668619,82768.58180931934,104.30108681000152,8.337694568746658,-2.544657234851867,0.028515534192799546,526.0494796909745,0.5406196984014872,0.5406196984014872,0.39215686274509803,1167.7385485472123,2160.0,200.0,510.0,1367.7385485472123,1167.7385485472123,0.06265659861512267,0.012662798496304839,0.0753193971114275,11.627573786376262,2.456582908283149,14.084156694659399,21159.370845071797,476.43770439400583,30,-30,659.9999999999999
194.0,2.0861558151873436,6974510.2247913135,82772.93575568579,104.3153445770979,8.341158108425045,-2.5447257318029717,0.028261097815571703,526.8683545614442,0.5421890989652942,0.5421890989652942,0.39215686274509803,1171.1284537650356,2160.0,200.0,510.0,1371.1284537650356,1171.1284537650356,0.0628235163085165,0.012662798496304839,0.07548631480482133,11.65898554453052,2.462914307531302,14.121899852061809,21187.873439996216,477.9221522890088,30,-30,659.9999999999999
194.5,2.0991743819498163,6974510.426435535,82777.29143892933,104.32947512600569,8.344704636119058,-2.544797200169097,0.028002038258346854,527.6543842162084,0.5436680830505959,0.5436680830505959,0.39215686274509803,1174.3230593892872,2160.0,200.0,510.0,1374.3230593892872,1174.3230593892872,0.06298092776222598,0.012662798496304839,0.07564372625853082,11.690476008411633,2.4692457067794544,14.159721715191074,21214.07793426243,479.3492306229233,30,-30,659.9999999999999
195.0,2.1121179491346997,6974510.626601275,82781.64889870996,104.34347614513486,8.348329973428198,-2.544871357960336,0.027738389495380263,528.4072718414637,0.545055900576727,0.545055900576727,0.39215686274509803,1177.3207452457304,2160.0,200.0,510.0,1377.3207452457304,1177.3207452457304,0.06312873481177758,0.012662798496304839,0.07579153330808241,11.722040375817521,2.475577106027607,14.197617481845114,21237.982124096183,480.71813264809174,30,-30,659.9999999999999
195.5,2.1249690476047824,6974510.825289067,82786.00817262368,104.35734533988254,8.352029909122795,-2.54494792010804,0.027470192721185636,529.1267535221397,0.546351900383544,0.546351900383544,0.39215686274509803,1180.120104828455,2160.0,200.0,510.0,1380.120104828455,1180.120104828455,0.06326685033944385,0.012662798496304839,0.07592964883574868,11.753673800987244,2.4819085052757597,14.23558230626299,21259.58554144766,482.0281197587082,30,-30,659.9999999999999
196.0,2.1377105686487328,6974511.022499985,82790.3692961869,104.37108043624313,8.35580020377379,-2.5450265988579073,0.027197496246211334,529.8125973823998,0.5475555297240527,0.5475555297240527,0.39215686274509803,1182.719944203954,2160.0,200.0,510.0,1382.719944203954,1182.719944203954,0.06339519835903075,0.012662798496304839,0.07605799685533558,11.78537140016676,2.4882399045239123,14.273611304690657,21278.889437285416,483.278520651476,30,-30,659.9999999999999
196.5,2.1503257321128273,6974511.21823565,82794.73230282315,104.38467918436623,8.359636594304485,-2.5451071041958118,0.02692035535204778,530.4646027508146,0.5486663336862679,0.5486663336862679,0.39215686274509803,1185.1192807623388,2160.0,200.0,510.0,1385.1192807623388,1185.1192807623388,0.06351371408420899,0.012662798496304839,0.07617651258051382,11.817128257208864,2.494571303772065,14.311699560980914,21295.896765217996,484.4687304651252,30,-30,659.9999999999999
197.0,2.162798068607825,6974511.412498233,82799.09722385212,104.39813936204226,8.363534798463816,-2.5451891442518653,0.0266388321604757,531.0825993510178,0.5496839545455744,0.5496839545455744,0.39215686274509803,1187.3173418184408,2160.0,200.0,510.0,1387.3173418184408,1187.3173418184408,0.06362234397965896,0.012662798496304839,0.0762851424759638,11.848939429198694,2.5009027030202176,14.349842132218896,21310.612165376282,485.59820990183636,30,-30,659.9999999999999
197.5,2.175111516450531,6974511.605290455,82803.46408848085,104.4114587781225,8.367490519220032,-2.545272425689308,0.026352995510332062,531.6664465184342,0.550608131049171,0.550608131049171,0.39215686274509803,1189.313563066209,2160.0,200.0,510.0,1389.313563066209,1189.313563066209,0.0637210457944333,0.012662798496304839,0.07638384429073813,11.880799952095911,2.50723410226837,14.388034054364265,21323.041948506845,486.66648433330164,30,-30,659.9999999999999
198.0,2.18725038808704,6974511.796615589,82807.83292379706,104.42463527587768,8.371499449074003,-2.5453566541252415,0.026062920794099532,532.2160324434942,0.5514386976340867,0.5514386976340867,0.39215686274509803,1191.1075868896273,2160.0,200.0,510.0,1391.1075868896273,1191.1075868896273,0.06380978857703679,0.012662798496304839,0.07647258707334162,11.912704846384429,2.513565501516523,14.426270347900935,21333.194080227586,487.67314289388935,30,-30,659.9999999999999
198.5,2.199199350870758,6974511.986477465,82812.20375476479,104.4376667362747,8.375557274292225,-2.545441534528525,0.025768689808707328,532.731273441578,0.5521755835799057,0.5521755835799057,0.39215686274509803,1192.6992605325963,2160.0,200.0,510.0,1392.6992605325963,1192.6992605325963,0.06388855267179407,0.012662798496304839,0.0765513511680989,11.944649122720326,2.5198969007646754,14.464546023484985,21341.078165387375,488.6178375631238,30,-30,659.9999999999999
199.0,2.210943522203949,6974512.174880465,82816.57660422195,104.45055108117906,8.379659679058964,-2.5455267716015486,0.02547039061441226,533.21211324977,0.5528188120976443,0.5528188120976443,0.39215686274509803,1194.0886341309117,2160.0,200.0,510.0,1394.0886341309117,1194.0886341309117,0.06395732969621808,0.012662798496304839,0.07662012819252291,11.976627787568436,2.526228300012828,14.502856087581247,21346.70543248789,489.50028223942553,30,-30,659.9999999999999
199.5,2.2224684343981016,6974512.361829522,82820.95149287999,104.46328627648627,8.383802349547139,-2.545612070192835,0.025168117353731218,533.6585223503737,0.5533684993561568,0.5533684993561568,0.39215686274509803,1195.2759586092989,2160.0,200.0,510.0,1395.2759586092989,1195.2759586092989,0.06401612249919517,0.012662798496304839,0.0766789209955,12.008635848818033,2.5325596992609807,14.541195548078997,21350.088718126502,490.3202518068312,30,-30,659.9999999999999
200.0,2.233760032759261,6974512.547330126,82825.32843932563,104.47587033516314,8.387980977908466,-2.5456971356857734,0.024861970084938335,534.0704973210159,0.5538248534470976,0.5538248534470976,0.39215686274509803,1196.261683445731,2160.0,200.0,510.0,1396.261683445731,1196.261683445731,0.06406494509987636,0.012662798496304839,0.07672774359618119,12.04066832136797,2.5388910985091333,14.579559419877087,21351.242451408725,491.077581196216,30,-30,659.9999999999999
200.5,2.2448047505673565,6974512.731388315,82829.70746002454,104.4883013202056,8.3921912661826,-2.5457816743778783,0.024552054616080073,534.4480602110477,0.5541881732897875,0.5541881732897875,0.39215686274509803,1197.046454305941,2160.0,200.0,510.0,1397.046454305941,1197.046454305941,0.06410382260730772,0.012662798496304839,0.07676662110361256,12.072720232671625,2.545222497757286,14.617942730428894,21350.182638294777,491.7721644423028,30,-30,659.9999999999999
201.0,2.2555894335527444,6974512.914010675,82834.0885693269,104.50057734751364,8.396428930125332,-2.545865393881986,0.02423848230712862,534.7912579438604,0.5544588474772243,0.5544588474772243,0.39215686274509803,1197.6311105508046,2160.0,200.0,510.0,1397.6311105508046,1197.6311105508046,0.06413279112092861,0.012662798496304839,0.07679558961723344,12.10478662823209,2.5515538970054386,14.65634052523751,21346.9268458427,492.4039537375795,30,-30,659.9999999999999
201.5,2.2661014113503826,6974513.095204339,82838.4717794749,104.51269658866721,8.400689702956482,-2.545948003486758,0.0239213699034067,535.1001617446424,0.5546373530642389,0.5546373530642389,0.39215686274509803,1198.016682618756,2160.0,200.0,510.0,1398.016682618756,1198.016682618756,0.06415189761214603,0.012662798496304839,0.07681469610845086,12.136862577038162,2.557885296253591,14.694747873291735,21341.494186303706,492.9729584840658,30,-30,659.9999999999999
202.0,2.2763284971910114,6974513.274976984,82842.85710061215,104.52465727361891,8.404969339027211,-2.546029214537991,0.02360083933840728,535.3748665930259,0.5547242542991857,0.5547242542991857,0.39215686274509803,1198.204389286241,2160.0,200.0,510.0,1398.204389286241,1198.204389286241,0.06416119978733646,0.012662798496304839,0.0768239982836413,12.16894317693183,2.564216695501744,14.733159872433555,21333.905301042658,493.4792443437015,30,-30,659.9999999999999
202.5,2.286258965465249,6974513.453336822,82847.24454079474,104.53645769328813,8.40926361740745,-2.5461087408101135,0.023277017536117182,535.6154907000091,0.554720201300159,0.554720201300159,0.39215686274509803,1198.1956348083434,2160.0,200.0,510.0,1398.1956348083434,1198.1956348083434,0.06416076593268083,0.012662798496304839,0.07682356442898566,12.20102355989817,2.5705480947498964,14.771571654648048,21324.182344242436,493.9229322879933,30,-30,659.9999999999999
203.0,2.295881585351554,6974513.630292603,82851.63410600422,104.54809620205617,8.413568345393807,-2.546186298858963,0.022950036222085232,535.8221750084738,0.5546259286768762,0.5546259286768762,0.39215686274509803,1197.9920059420526,2160.0,200.0,510.0,1397.9920059420526,1197.9920059420526,0.06415067474134727,0.012662798496304839,0.0768134732376521,12.233098897268844,2.576879493998049,14.809978391266874,21312.348966358488,494.3041976474133,30,-30,659.9999999999999
203.5,2.3051856367363133,6974513.805853604,82856.02580016223,104.55957122016721,8.417879361938088,-2.5462616083792398,0.02262003171954671,535.9950827165693,0.5544422540994547,0.5544422540994547,0.39215686274509803,1197.595268854822,2160.0,200.0,510.0,1397.595268854822,1197.595268854822,0.06413101512363226,0.012662798496304839,0.07679381361993709,12.26516440483066,2.5832108932462017,14.848375298076842,21298.43029729415,494.6232691609123,30,-30,659.9999999999999
204.0,2.31416090582954,6974513.980029628,82860.41962514684,104.57088123602698,8.422192540997061,-2.5463343925587836,0.022287144738012275,536.1343988231872,0.5541700768151223,0.5541700768151223,0.39215686274509803,1197.0073659206644,2160.0,200.0,510.0,1397.0073659206644,1197.0073659206644,0.06410188600073245,0.012662798496304839,0.07676468449703729,12.297215347831026,2.5895422924943543,14.88675764032536,21282.452929260948,494.8804280258107,30,-30,659.9999999999999
204.5,2.322797679782257,6974514.152830992,82864.81558081058,104.582024808396,8.426503794803946,-2.546404378421104,0.0219515201628305,536.2403296947156,0.5538103761139601,0.5538103761139601,0.39215686274509803,1196.2304124061538,2160.0,200.0,510.0,1396.2304124061538,1196.2304124061538,0.06406339608289932,0.012662798496304839,0.07672619457920415,12.329247045872476,2.595873691742507,14.925120737614963,21264.44489929076,495.07600694821514,30,-30,659.9999999999999
205.0,2.331086759697445,6974514.324268527,82869.21366499997,104.59300056847741,8.43080907706198,-2.5464712971559016,0.02161330684609699,536.3131026522177,0.5533642097448161,0.5533642097448161,0.39215686274509803,1195.2666930488028,2160.0,200.0,510.0,1395.2666930488028,1195.2666930488028,0.06401566363280256,0.012662798496304839,0.0766784621291074,12.361254877688877,2.6022050909906596,14.963459968679516,21244.43567136914,495.21038919401514,30,-30,659.9999999999999
205.5,2.339019474040591,6974514.494353568,82873.61387357675,104.60380722190045,8.435104386060454,-2.546534884445247,0.021272657391103476,536.3529655781588,0.5528327122825469,0.5528327122825469,0.39215686274509803,1194.1186585303014,2160.0,200.0,510.0,1394.1186585303014,1194.1186585303014,0.06395881621498872,0.012662798496304839,0.07662161471129356,12.393234285796371,2.608536490238812,15.001770776035162,21222.45611815933,495.28400764042806,30,-30,659.9999999999999
206.0,2.346587653398805,6974514.663097946,82878.0162004405,104.61444355059601,8.439385767713683,-2.5465948807853445,0.020929727930122193,536.3601865417759,0.5522170934476848,0.5522170934476848,0.39215686274509803,1192.788921846999,2160.0,200.0,510.0,1392.788921846999,1192.788921846999,0.06389299043236989,0.012662798496304839,0.07655578892867472,12.425180781012555,2.614867889486965,15.0400486704995,21198.538502284562,495.2973438279901,30,-30,659.9999999999999
206.5,2.353783679564465,6974514.83051398,82882.42063755292,104.62490841456106,8.443649318523418,-2.546651031787782,0.020584677911852502,536.3350534421661,0.5515186363796334,0.5515186363796334,0.39215686274509803,1191.2802545800082,2160.0,200.0,510.0,1391.2802545800082,1191.2802545800082,0.06381833165072183,0.012662798496304839,0.07648113014702666,12.457089946837916,2.6211992887351174,15.078289235573013,21172.716457135815,495.25092701281716,30,-30,659.9999999999999
207.0,2.360600441689044,6974514.996614471,82886.82717496339,104.635200753517,8.447891188464899,-2.5467030884912765,0.020237669867048783,536.2778736681447,0.5507386958646188,0.5507386958646188,0.39215686274509803,1189.5955830675766,2160.0,200.0,510.0,1389.5955830675766,1189.5955830675766,0.06373499371222188,0.012662798496304839,0.07639779220852672,12.488957443694026,2.62753068798327,15.116488131677277,21145.024967176876,495.1453332188968,30,-30,659.9999999999999
207.5,2.367031345932334,6974515.161412691,82891.23580083605,104.64531958845052,8.452107583797257,-2.5467508076447727,0.01988886919168205,536.1889737739137,0.549878696519409,0.549878696519409,0.39215686274509803,1187.7379844819236,2160.0,200.0,510.0,1387.7379844819236,1187.7379844819236,0.06364313863906304,0.012662798496304839,0.07630593713536787,12.520779013013557,2.6338620872314227,15.15464110024496,21115.50034770936,494.98118429012214,30,-30,659.9999999999999
208.0,2.3730703645297746,6974515.324922373,82895.64650147824,104.65526402304637,8.456294769798337,-2.5467939519847764,0.01953844392495362,536.0686991695624,0.5489401309320934,0.5489401309320934,0.39215686274509803,1185.7106828133217,2160.0,200.0,510.0,1385.7106828133217,1185.7106828133217,0.06354293632823146,0.012662798496304839,0.0762057348245363,12.552550481177674,2.6401934864795753,15.19274396765723,21084.18022407069,494.7591469417207,30,-30,659.9999999999999
208.5,2.3787119716361147,6974515.487157702,82900.05926137026,104.66503324500884,8.460449073424309,-2.5468322905228855,0.019186564505448006,535.9174138254099,0.5479245577610853,0.5479245577610853,0.39215686274509803,1183.517044763944,2160.0,200.0,510.0,1383.517044763944,1183.517044763944,0.06343456423853343,0.012662798496304839,0.07609736273483826,12.58426776329694,2.646524885727728,15.230792649024648,21051.10351023186,494.4799318106974,30,-30,659.9999999999999
209.0,2.3839511512585876,6974515.64813331,82904.4740631964,104.67462652726158,8.46456688589474,-2.546865598795957,0.0188334035534874,535.735499989193,0.5468335997933984,0.5468335997933984,0.39215686274509803,1181.1605755537405,2160.0,200.0,510.0,1381.1605755537405,1181.1605755537405,0.06331820707095089,0.012662798496304839,0.07598100556725572,12.615926866832416,2.6528562849758806,15.268783151808277,21016.310386756602,494.1442925048709,30,-30,659.9999999999999
209.5,2.3887834640424916,6974515.807864253,82908.89088787726,104.68404322903831,8.46864466520296,-2.5468936591098883,0.018479135649081255,535.5233579150838,0.5456689419635842,0.5456689419635842,0.39215686274509803,1178.644914641342,2160.0,200.0,510.0,1378.644914641342,1178.644914641342,0.06319405644343745,0.012662798496304839,0.07585685493974229,12.647523895054134,2.659187684224033,15.306711579278149,20979.84227809559,493.75302465004165,30,-30,659.9999999999999
210.0,2.393204926093543,6974515.966366016,82913.30971460337,104.69328279686283,8.472678938552036,-2.5469162608010225,0.018123937080489785,535.2814056035164,0.544432329334547,0.544432329334547,0.39215686274509803,1175.9738313626215,2160.0,200.0,510.0,1375.9738313626215,1175.9738313626215,0.06306231056123741,0.012662798496304839,0.07572510905754225,12.679055050334751,2.665519083472186,15.34457413380692,20941.741829181366,493.30696493480855,30,-30,659.9999999999999
210.5,2.397212146458163,6974516.1236544885,82917.7305208698,104.7023447654031,8.476666304717014,-2.546933200436371,0.01776798564335246,535.0100785508029,0.5431255650412966,0.5431255650412966,0.39215686274509803,1173.1512204892006,2160.0,200.0,510.0,1373.1512204892006,1173.1512204892006,0.06292317388377584,0.012662798496304839,0.07558597238008068,12.710516637276639,2.6718504827203384,15.38236711999696,20902.052881282212,492.806990152537,30,-30,659.9999999999999
211.0,2.4008021889724644,6974516.27974596,82922.15328251212,104.71122875822478,8.48060343633284,-2.546944282061732,0.017411460380353426,534.7098295074891,0.541750508199235,0.541750508199235,0.39215686274509803,1170.1810977103476,2160.0,200.0,510.0,1370.1810977103476,1170.1810977103476,0.06277685678919899,0.012662798496304839,0.07543965528550382,12.741905065671238,2.678181881968491,15.420086947639712,20860.820447093065,492.25401623993343,30,-30,659.9999999999999
211.5,2.403972689473804,6974516.434657104,82926.5779737434,104.71993448841495,8.48448708210901,-2.5469493173811446,0.01705454137882497,534.3811282444186,0.540309071777897,0.540309071777897,0.39215686274509803,1167.0675950402576,2160.0,200.0,510.0,1367.0675950402576,1167.0675950402576,0.0626235752375409,0.012662798496304839,0.07528637373384574,12.773216853290009,2.6845132812166437,15.457730134506635,20818.09068501345,491.6489973117012,30,-30,659.9999999999999
212.0,2.406721735472675,6974516.588404972,82931.00456719221,104.72846175910436,8.488314068970164,-2.5469481259759053,0.0166974095175287,534.0244613254407,0.5388032204418365,0.5388032204418365,0.39215686274509803,1163.8149561543667,2160.0,200.0,510.0,1363.8149561543667,1163.8149561543667,0.062463550433534555,0.012662798496304839,0.0751263489298394,12.804448628506776,2.6908446804647963,15.495293308971554,20773.910872591427,490.9929246906995,30,-30,659.9999999999999
212.5,2.4090479645963847,6974516.741006973,82935.43303394174,104.73681046386311,8.492081304123495,-2.5469405354625825,0.01634024626393467,533.6403318857109,0.5372349683596697,0.5372349683596697,0.39215686274509803,1160.4275316568865,2160.0,200.0,510.0,1360.4275316568865,1160.4275316568865,0.062297008489970225,0.012662798496304839,0.07495980698627507,12.835597132751762,2.697176079712949,15.532773212464692,20728.329379084364,490.28682593305683,30,-30,659.9999999999999
213.0,2.4109504811166103,6974516.892480867,82939.86334356989,104.7449805869951,8.495785777052237,-2.5469263816829018,0.01598323342872267,533.2292594145094,0.5356063769829742,0.5356063769829742,0.39215686274509803,1156.9097742832244,2160.0,200.0,510.0,1356.9097742832244,1156.9097742832244,0.062124180092525905,0.012662798496304839,0.07478697858883074,12.866659222798024,2.7035074789611016,15.570166701759106,20681.395637112808,489.53176384764754,30,-30,659.9999999999999
213.5,2.4124289361132605,6974517.042844746,82944.29546419038,104.75297220370945,8.499424561435896,-2.5469055088481882,0.015626552955216352,532.7917795415099,0.5339195527961587,0.5339195527961587,0.39215686274509803,1153.2662340397028,2160.0,200.0,510.0,1353.2662340397028,1153.2662340397028,0.06194530016687847,0.012662798496304839,0.07460809866318331,12.897631872881464,2.709838878209254,15.607470751090698,20633.16011335951,488.72883550936774,30,-30,659.9999999999999
214.0,2.413483386138894,6974517.192117028,82948.72936249465,104.76078548018704,8.502994816996653,-2.5468777697077702,0.015270386673923867,532.3284438254058,0.5321766450389546,0.5321766450389546,0.39215686274509803,1149.501553284142,2160.0,200.0,510.0,1349.501553284142,1149.501553284142,0.06176060754890151,0.012662798496304839,0.07442340604520635,12.928512176655914,2.716170277457407,15.644682454113301,20583.67427828536,487.87917126561746,30,-30,659.9999999999999
214.5,2.4141144471322833,6974517.340316435,82953.1650037948,104.76842067352402,8.506493791272433,-2.5468430256479744,0.014914916116897417,531.8398195438119,0.5303798434027472,0.5303798434027472,0.39215686274509803,1145.620461749934,2160.0,200.0,510.0,1345.620461749934,1145.620461749934,0.06157034465864692,0.012662798496304839,0.07423314315495176,12.959297348985238,2.7225016767055594,15.681799025690777,20532.99057481547,486.98393373541904,30,-30,659.9999999999999
215.0,2.414323174149786,6974517.487461986,82957.6023520673,104.77587813158246,8.509918821315605,-2.5468011468468985,0.014560322265737523,531.3264894833285,0.5285313757026159,0.5285313757026159,0.39215686274509803,1141.6277715176502,2160.0,200.0,510.0,1341.6277715176502,1141.6277715176502,0.06137475717881031,0.012662798496304839,0.07403755567511515,12.989984727574644,2.728833075953712,15.718817803528335,20481.162385973257,486.04431680057866,30,-30,659.9999999999999
215.5,2.4141110829369916,6974517.633572978,82962.04136999752,104.78315829271534,8.513267335318206,-2.546752012368079,0.014206785350625688,530.7890517286758,0.5266335055261631,0.5266335055261631,0.39215686274509803,1137.5283719365123,2160.0,200.0,510.0,1337.5283719365123,1137.5283719365123,0.061174093738227325,0.012662798496304839,0.07383689223453216,13.020571774443757,2.7351644752018647,15.7557362496456,20428.244001407787,485.0615445883422,30,-30,659.9999999999999
216.0,2.4134801577704463,6974517.7786689745,82966.48201902502,104.79026168539065,8.516536854162753,-2.546695510254392,0.013854484639722326,530.2281194497692,0.5246885298609946,0.5246885298609946,0.39215686274509803,1133.3272244997484,2160.0,200.0,510.0,1333.3272244997484,1133.3272244997484,0.06096860560096029,0.012662798496304839,0.07363140409726512,13.051056077244237,2.7414958744500173,15.792551951694234,20374.290582789723,484.0368704449598,30,-30,659.9999999999999
216.5,2.41243282062459,6974517.9227697905,82970.92425938968,104.79718892771052,8.519724992898569,-2.546631537615989,0.013503598224896635,529.6443206856159,0.5226987767023651,0.5226987767023651,0.39215686274509803,1129.0293576771087,2160.0,200.0,510.0,1329.0293576771087,1129.0293576771087,0.06075854636142553,0.012662798496304839,0.07342134485773037,13.08143535042495,2.74782727369817,15.8292626241231,20319.358128036376,482.97157589961347,30,-30,659.9999999999999
217.0,2.410971955617104,6974518.065895476,82975.36805017838,104.80394072682296,8.52282946214347,-2.546560000696046,0.013154302820432574,529.0382981239007,0.520666602642559,0.520666602642559,0.39215686274509803,1124.6398617079274,2160.0,200.0,510.0,1324.6398617079274,1124.6398617079274,0.06054417164594414,0.012662798496304839,0.07320697014224897,13.111707436247922,2.7541586729463226,15.865866109194224,20263.503434327686,481.86696961816466,30,-30,659.9999999999999
217.5,2.4091008787398924,6974518.208066303,82979.81334937252,104.81051787823317,8.525848069410337,-2.546480814937887,0.012806773551094414,528.4107088751226,0.5185943904437329,0.5185943904437329,0.39215686274509803,1120.1638833584632,2160.0,200.0,510.0,1320.1638833584632,1120.1638833584632,0.06032573882104272,0.012662798496304839,0.07298853731734756,13.141870305658443,2.760490072194475,15.902360377852897,20206.784059880603,480.7243863461914,30,-30,659.9999999999999
218.0,2.4068232866743124,6974518.34930275,82984.26011389596,104.81692126500873,8.528778720358453,-2.546393905030239,0.012461183753102404,527.762224240132,0.5164845465958052,0.5164845465958052,0.39215686274509803,1115.6066206469393,2160.0,200.0,510.0,1315.6066206469393,1115.6066206469393,0.06010350670874282,0.012662798496304839,0.07276630520504766,13.171922059012815,2.766821471442628,15.93874353045542,20149.25828444328,479.5451858408033,30,-30,659.9999999999999
218.5,2.404143337569222,6974518.489625486,82988.70829966378,104.82315185688527,8.531619419969072,-2.54629920492257,0.01211770479705587,527.0935294699168,0.5143394988611842,0.5143394988611842,0.39215686274509803,1110.973317540158,2160.0,200.0,510.0,1310.973317540158,1110.973317540158,0.059877735309027943,0.012662798496304839,0.07254053380533278,13.201860926667328,2.7731528706907804,15.975013797358088,20090.9850684784,478.3307517907305,30,-30,659.9999999999999
219.0,2.4010655846964495,6974518.629055354,82993.15786163142,104.8292107092838,8.534368273644532,-2.546196657866445,0.01177650587623535,526.4053235164758,0.5121616938082056,0.5121616938082056,0.39215686274509803,1106.2692586257242,2160.0,200.0,510.0,1306.2692586257242,1106.2692586257242,0.05964868552961502,0.012662798496304839,0.07231148402591986,13.231685269432136,2.779484269938933,16.011169539371046,20032.024011008038,477.08249072421427,30,-30,659.9999999999999
219.5,2.397594961916943,6974518.767613359,82997.60875384444,104.8350989622219,8.53702348823108,-2.546086216419961,0.011437753823575997,525.6983187736245,0.5099535943348166,0.5099535943348166,0.39215686274509803,1101.4997637632036,2160.0,200.0,510.0,1301.4997637632036,1101.4997637632036,0.05941661892305437,0.012662798496304839,0.0720794174193592,13.261393578893664,2.7858156691870857,16.047209248080726,19972.435306079282,475.8018309042518,30,-30,659.9999999999999
220.0,2.3937367712312074,6974518.90532065,83002.06092948867,104.8408178391337,8.539583372964545,-2.545967842438274,0.011101612935102818,524.9732408065579,0.507717677184501,0.507717677184501,0.39215686274509803,1096.6701827185223,2160.0,200.0,510.0,1296.6701827185223,1096.6701827185223,0.05918179743116535,0.012662798496304839,0.07184459592747018,13.290984477609246,2.7921470684352383,16.083131546044463,19912.279697828897,474.4902212107547,30,-30,659.9999999999999
220.5,2.3894967270493255,6974519.042198504,83006.51434094088,104.84636864560125,8.542046340338336,-2.545841507051406,0.01076824479900632,524.2308280690075,0.5054564304563094,0.5054564304563094,0.39215686274509803,1091.7858897856283,2160.0,200.0,510.0,1291.7858897856283,1091.7858897856283,0.058944483136738134,0.012662798496304839,0.07160728163304297,13.320456719177615,2.798478467683391,16.118935186860984,19851.61843412051,473.14913000921763,30,-30,659.9999999999999
221.0,2.3848808701386974,6974519.1782683125,83010.96893981981,104.85175276800075,8.544410906893232,-2.5457071906532027,0.010437808106060398,523.4718316068244,0.5031723511109046,0.5031723511109046,0.39215686274509803,1086.852278399554,2160.0,200.0,510.0,1286.852278399554,1086.852278399554,0.05870493802237995,0.012662798496304839,0.07136773651868479,13.349809188188805,2.8048098669315435,16.154619055120328,19790.513218730932,471.7800440055241,30,-30,659.9999999999999
221.5,2.3798956095007817,6974519.313551562,83015.42467703759,104.85697167205379,8.546675693928776,-2.5455648828462314,0.010110458497526663,522.6970147468281,0.5008679424744004,0.5008679424744004,0.39215686274509803,1081.8747557447048,2160.0,200.0,510.0,1281.8747557447048,1081.8747557447048,0.05846342373631433,0.012662798496304839,0.07112622223261916,13.379040900056962,2.811141266179696,16.19018216623664,19729.026162058242,470.38446708655044,30,-30,659.9999999999999
222.0,2.374547674489778,6974519.448069822,83019.88150285145,104.86202690130254,8.548839428135203,-2.5454145823978176,0.009786348395541503,521.9071527697581,0.49854571174217194,0.49854571174217194,0.39215686274509803,1076.8587373630914,2160.0,200.0,510.0,1276.8587373630914,1076.8587373630914,0.05822020136493517,0.012662798496304839,0.07088299986124001,13.40815100073943,2.817472665427849,16.22562366616726,19667.219730342444,468.963919146242,30,-30,659.9999999999999
222.5,2.3688441393937656,6974519.5818447275,83024.33936691575,104.86692007550032,8.550900942145672,-2.5452562971689168,0.00946562685471588,521.1030325661799,0.4962081674844845,0.4962081674844845,0.39215686274509803,1071.8096417664865,2160.0,200.0,510.0,1271.8096417664865,1071.8096417664865,0.05797553121183659,0.012662798496304839,0.07063832970814142,13.437138766345349,2.8238040646760014,16.260942831021328,19605.156693377852,467.519934896898,30,-30,659.9999999999999
223.0,2.362792393936534,6974519.714897962,83028.79821833421,104.87165288892767,8.552859175007951,-2.5450900440471087,0.009148439403801367,520.2854522742068,0.49385781715608623,0.4938578171560862,0.39215686274509803,1066.7328850571462,2160.0,200.0,510.0,1266.7328850571462,1066.7328850571462,0.05772967258303141,0.012662798496304839,0.07039247107933624,13.466003602636865,2.830135463924154,16.296139066560997,19542.90007071153,466.05406266541917,30,-30,659.9999999999999
223.5,2.3564001123416185,6974519.847251245,83033.2580057124,104.87622710862956,8.55471317257517,-2.5449158488606516,0.00883492790080429,519.455220897915,0.4914971646117307,0.4914971646117307,0.39215686274509803,1061.6338755613383,2160.0,200.0,510.0,1261.6338755613383,1061.6338755613383,0.057482883578016924,0.012662798496304839,0.07014568207432176,13.494745044425875,2.8364668631723067,16.331211907598156,19480.51307631747,464.56786317432756,30,-30,659.9999999999999
224.0,2.349675297771538,6974519.97892631,83037.71867721037,104.88064457257997,8.556462087814912,-2.544733746273697,0.008525230402211793,518.6131579053442,0.4891287076297718,0.48912870762977173,0.39215686274509803,1056.518008480307,2160.0,200.0,510.0,1256.518008480307,1056.518008480307,0.057235420886335917,0.012662798496304839,0.06989821938264075,13.523362754869042,2.8427982624204593,16.36616101728948,19418.05906174717,463.0629083073991,30,-30,659.9999999999999
224.5,2.342626197678715,6974520.109944897,83042.18018059543,104.88490718778105,8.558105181035867,-2.54454377969483,0.008219481013907763,517.7600928050045,0.48675493544602266,0.4867549354460226,0.39215686274509803,1051.3906605634088,2160.0,200.0,510.0,1251.3906605634088,1051.3906605634088,0.056987539589262615,0.012662798496304839,0.06965033808556745,13.551856524663673,2.849129661668612,16.40098618633226,19355.601457763012,461.5407798598025,30,-30,659.9999999999999
225.0,2.3352613468961687,6974520.240328728,83046.64246329496,104.88901692828802,8.55964182003177,-2.5443460011441315,0.007917809779510877,516.8968646998363,0.48437832629988414,0.48437832629988414,0.39215686274509803,1046.2571848077498,2160.0,200.0,510.0,1246.2571848077498,1046.2571848077498,0.056739492966205146,0.012662798496304839,0.06940229146250998,13.580226271146776,2.8554610609167645,16.435687332063516,19293.203714457723,460.00306827269026,30,-30,659.9999999999999
225.5,2.3275895211568627,6974520.3700995,83051.10547244933,104.89297583317777,8.561071480141521,-2.544140471134021,0.007620342551060978,516.024321817601,0.48200134499513153,0.48200134499513153,0.39215686274509803,1041.122905189484,2160.0,200.0,510.0,1241.122905189484,1041.122905189484,0.05649153230544452,0.012662798496304839,0.06915433080174936,13.608472037299498,2.861792460164917,16.47026449746439,19230.929239883968,458.45137135222626,30,-30,659.9999999999999
226.0,2.319619763147782,6974520.499278861,83055.56915496479,104.89678600445329,8.562393744225202,-2.543927258525574,0.0073272008807758904,515.1433210167252,0.47962644047742475,0.47962644047742475,0.39215686274509803,1035.9931114312374,2160.0,200.0,510.0,1235.9931114312374,1035.9931114312374,0.05624390671878962,0.012662798496304839,0.06890670521509445,13.636593990658893,2.86812385941307,16.504717850071938,19168.84133721008,456.88729297311045,30,-30,659.9999999999999
226.5,2.311361335768612,6974520.627888401,83060.03345756634,104.90044960489368,8.563608302555114,-2.543706440391696,0.007038501902613528,514.2547272666594,0.47725604343089045,0.47725604343089045,0.39215686274509803,1030.8730538107234,2160.0,200.0,510.0,1230.8730538107234,1030.8730538107234,0.05599686295975636,0.012662798496304839,0.0686596614560612,13.664592422138771,2.8744552586612224,16.539047680799968,19107.00314043578,455.312441766701,30,-30,659.9999999999999
227.0,2.302823729761027,6974520.755949632,83064.49832685052,104.90396885584501,8.564714952621484,-2.5434781018562367,0.006754358235119573,513.3594131018706,0.4748925638959283,0.4748925638959283,0.39215686274509803,1025.7679380152051,2160.0,200.0,510.0,1225.7679380152053,1025.7679380152051,0.05575064524486375,0.012662798496304839,0.06841344374116859,13.692467744761203,2.880786657909375,16.573254402670553,19045.47754870007,453.7284297939068,30,-30,659.9999999999999
227.5,2.2940166359195686,6974520.883483976,83068.96370933802,104.90734603496254,8.565713598851994,-2.543242335932873,0.006474877882106564,512.4582580486365,0.4725383889106375,0.4725383889106375,0.39215686274509803,1020.682920046977,2160.0,200.0,510.0,1220.682920046977,1020.682920046977,0.0555054950776753,0.012662798496304839,0.06816829357398013,13.72022049230004,2.8871180571575277,16.607338549457545,18984.327159230692,452.13687120308055,30,-30,659.9999999999999
228.0,2.284949935222117,6974521.010512748,83073.42955152628,104.9105834739036,8.566604252244659,-2.5429992433488593,0.006200164146502627,511.5521480238838,0.47019588017811553,0.47019588017811553,0.39215686274509803,1015.6231011847296,2160.0,200.0,510.0,1215.6231011847294,1015.6231011847296,0.055261651075214545,0.012662798496304839,0.06792444957151939,13.747851317837647,2.8934494564056803,16.641300774243305,18923.614198986084,450.5393808732149,30,-30,659.9999999999999
228.5,2.2756337272394656,6974521.13705714,83077.89579994172,104.91368355597686,8.567387029913384,-2.5427489323618424,0.005930315549648445,510.64197470537863,0.4678673717620107,0.4678673717620107,0.39215686274509803,1010.5935230059432,2160.0,200.0,510.0,1210.5935230059433,1010.5935230059432,0.055019348796417684,0.012662798496304839,0.06768214729272252,13.775360992235855,2.899780855653833,16.675141847889666,18863.40045505431,448.93757304281337,30,-30,659.9999999999999
229.0,2.266078210004576,6974521.2631382095,83082.3624011918,104.91664871375168,8.56806215454568,-2.5424915185860146,0.005665425739554347,509.72863487266477,0.46555516781266276,0.46555516781266276,0.39215686274509803,1005.5991624753516,2160.0,200.0,510.0,1205.5991624753517,1005.5991624753516,0.054778820572306354,0.012662798496304839,0.0674416190686112,13.802750402522008,2.9061122549019855,16.70886265742397,18803.747203880008,447.3330599248865,30,-30,659.9999999999999
229.5,2.25629385573744,6974521.388776861,83086.82930201683,104.91948142662145,8.56862995377228,-2.5422271247649855,0.0054055834522964,508.8130297182275,0.46326154032608713,0.46326154032608713,0.39215686274509803,1000.6449271043482,2160.0,200.0,510.0,1200.6449271043484,1000.6449271043482,0.05454029533758542,0.012662798496304839,0.06720309383389025,13.8300205501908,2.912443654150138,16.742464204340916,18744.71513939652,445.72745030859915,30,-30,659.9999999999999
230.0,2.2462911646034684,6974521.513993835,83091.29644934136,104.9221842183476,8.569090859447465,-2.5419558806178153,0.005150872398728095,507.89606412845916,0.46098872693846904,0.46098872693846904,0.39215686274509803,995.7356501870931,2160.0,200.0,510.0,1195.7356501870934,995.7356501870931,0.05430399846344688,0.012662798496304839,0.06696679695975172,13.857172549422524,2.918775053398291,16.775947602820793,18686.364300166606,444.12234814816816,30,-30,659.9999999999999
230.5,2.2360808555893197,6974521.63880969,83095.76379032526,104.92475965454696,8.56944540684093,-2.5416779225779194,0.00490137125892548,506.9786459341167,0.4587389287580292,0.4587389287580292,0.39215686274509803,990.876086117343,2160.0,200.0,510.0,1190.876086117343,990.876086117343,0.05407015159131445,0.012662798496304839,0.06673295008761929,13.884207625218181,2.9251064526464434,16.809314077864602,18628.753995612275,442.51935113971905,30,-30,659.9999999999999
231.0,2.2256737344138555,6974521.763244792,83100.23127241434,104.92721034017643,8.569694233739215,-2.541393393613282,0.00465715359533505,506.0616851300532,0.456514308237294,0.456514308237294,0.39215686274509803,986.0709057925551,2160.0,200.0,510.0,1186.070905792555,986.0709057925551,0.053838972467426256,0.012662798496304839,0.0665017709637311,13.911127111451894,2.931437851894596,16.84256496334647,18571.94273147299,440.92004928684963,30,-30,659.9999999999999
231.5,2.215080738382344,6974521.887319297,83104.69884339056,104.9295389169741,8.569838079457734,-2.5411024429886577,0.0044182878243602935,505.14609306416196,0.4543169870875975,0.4543169870875975,0.39215686274509803,981.3246921092106,2160.0,200.0,510.0,1181.3246921092104,981.3246921092106,0.05361067477807076,0.012662798496304839,0.06627347327437559,13.937932448840929,2.9377692511427487,16.875701699983658,18515.9881345923,439.32602345580466,30,-30,659.9999999999999
232.0,2.2043129125746646,6974522.011053138,83109.1664514217,104.93174806088629,8.569877783762337,-2.5408052260468637,0.004184837169809239,504.23278159557077,0.45214904423852387,0.45214904423852387,0.39215686274509803,976.6419355552115,2160.0,200.0,510.0,1176.6419355552116,976.6419355552115,0.05338546798542854,0.012662798496304839,0.06604826648173338,13.964625182833643,2.9441006503909013,16.908725833224526,18460.94687718078,437.73884392119953,30,-30,659.9999999999999
232.5,2.1933813465185383,6974522.134466018,83113.63404511042,104.93384047947119,8.569814285700541,-2.5405019039794983,0.003956859627931039,503.3226622222868,0.45001251384452007,0.45001251384452007,0.39215686274509803,972.0270299041633,2160.0,200.0,510.0,1172.0270299041636,972.0270299041633,0.0531635571639706,0.012662798496304839,0.06582635566027543,13.991206961415628,2.950432049639054,16.941639011054665,18406.874600694664,436.1600689033612,30,-30,659.9999999999999
233.0,2.1822972414842416,6974522.257577386,83118.1015735429,104.93581890928513,8.569648622342234,-2.5401926435712125,0.0037344079610685055,502.4166451786301,0.4479093833410713,0.4479093833410713,0.39215686274509803,967.4842680167139,2160.0,200.0,510.0,1167.484268016714,967.4842680167139,0.05294514283742951,0.012662798496304839,0.06560794133373435,14.017679532834343,2.9567634488872065,16.97444298172153,18353.82583948764,434.59124309844225,30,-30,659.9999999999999
233.5,2.171071888320129,6974522.380406432,83122.56898633663,104.93768611326568,8.569381927429424,-2.5398776169736728,0.003517529663434067,501.5156385029547,0.4458415915529389,0.4458415915529389,0.39215686274509803,963.0178377543481,2160.0,200.0,510.0,1163.017837754348,963.0178377543481,0.052730420816421236,0.012662798496304839,0.06539321931272607,14.044044743242553,2.963094848135359,17.007139591377893,18301.853944409617,433.03389620256195,30,-30,659.9999999999999
234.0,2.159716567577339,6974522.502972073,83127.03623368769,104.9394448780974,8.569015429935606,-2.5395570014703286,0.0033062669377487337,500.6205470763292,0.4438110268565766,0.4438110268565766,0.39215686274509803,958.6318180102054,2160.0,200.0,510.0,1158.6318180102055,958.6318180102054,0.052519582036805734,0.012662798496304839,0.06518238053311057,14.070304534260956,2.969426247383512,17.039730781644447,18251.01100652168,431.4895414313499,30,-30,659.9999999999999
234.5,2.1482426726666595,6974522.625292938,83131.5032664172,104.94109801156625,8.568550452534746,-2.53923097920012,0.0031006567162411955,499.73227163301146,0.44181952539906394,0.44181952539906394,0.39215686274509803,954.3301748619782,2160.0,200.0,510.0,1154.3301748619783,954.3301748619782,0.05231281239894806,0.012662798496304839,0.0649756108952529,14.09646094046043,2.9757576466316644,17.072218587092074,18201.34778111766,429.9596740363495,30,-30,659.9999999999999
235.0,2.136661596909448,6974522.747387359,83135.97003601707,104.94264833992439,8.567988409979524,-2.538899736935729,0.0029007306295488772,498.8517077437305,0.43986886937608344,0.43986886937608344,0.39215686274509803,950.1167578523402,2160.0,200.0,510.0,1150.11675785234,950.1167578523402,0.05211029260811111,0.012662798496304839,0.06477309110441595,14.122516086764486,2.982089045879817,17.10460513264428,18152.913612261877,428.4457698198483,30,-30,659.9999999999999
235.5,2.1249847254482472,6974522.869273358,83140.43649469483,104.94409870523916,8.567330807390036,-2.538563465814902,0.002706515025646797,497.9797447729951,0.4379607853708142,0.4379607853708142,0.39215686274509803,945.9952964009586,2160.0,200.0,510.0,1145.9952964009588,945.9952964009586,0.051912198016191985,0.012662798496304839,0.06457499651249682,14.148472185772583,2.9884204451279697,17.13689263090053,18105.75635803624,426.94928364983303,30,-30,659.9999999999999
236.0,2.113223506354208,6974522.990968636,83144.90259541779,104.94545196275199,8.566579238452677,-2.5382223610713854,0.002518030993314171,497.11726481181375,0.43609694275623806,0.43609694275623806,0.39215686274509803,941.9693963534743,2160.0,200.0,510.0,1141.9693963534744,941.9693963534743,0.05171869846512622,0.012662798496304839,0.06438149696143106,14.174331535005146,2.9947518443761223,17.169083379381245,18059.92231672723,425.47164797683934,30,-30,659.9999999999999
236.5,2.1013893742710494,6974523.112490562,83149.36829195611,104.94671097824866,8.565735383529775,-2.5378766217988074,0.002335294355930942,496.2651415874289,0.4342789521630132,0.4342789521630132,0.39215686274509803,938.0425366721086,2160.0,200.0,510.0,1138.0425366721086,938.0425366721086,0.05152995813229419,0.012662798496304839,0.06419275662859902,14.200096514071294,3.001083243624275,17.201179757695545,18015.456154178755,424.0142713546007,30,-30,659.9999999999999
237.0,2.0894937257421486,6974523.233856161,83153.83353892501,104.94787862542661,8.564801007681163,-2.5375264506842927,0.002158315699350829,495.42423935186486,0.4325083640148043,0.4325083640148043,0.39215686274509803,934.2180662719772,2160.0,200.0,510.0,1134.2180662719772,934.2180662719772,0.05134613537827977,0.012662798496304839,0.0640089338745846,14.225769581760433,3.0074146428724275,17.233184224632836,17972.40083253578,422.5785369665091,30,-30,659.9999999999999
237.5,2.0775479531856105,6974523.355082108,83158.29829182604,104.9489577832763,8.563777958598056,-2.5371720537352704,0.001987100411370022,494.5954117512829,0.4307866671333037,0.4307866671333037,0.39215686274509803,930.499201007936,2160.0,200.0,510.0,1130.499201007936,930.499201007936,0.05116738259740778,0.012662798496304839,0.06383018109371262,14.251353273059138,3.01374604212058,17.265099315179693,17930.797540627005,421.1658011599824,30,-30,659.9999999999999
238.0,2.0655634246691235,6974523.476184712,83162.76250708719,104.94995133348199,8.562668164450026,-2.536813640024595,0.0018216487074142055,493.77950067834786,0.4291152874149909,0.4291152874149909,0.39215686274509803,926.8890208163803,2160.0,200.0,510.0,1126.8890208163803,926.8890208163803,0.05099384607150503,0.012662798496304839,0.06365664456780987,14.276850196094891,3.020077441368733,17.296927637463597,17890.685626235187,419.7773919909569,30,-30,659.9999999999999
238.5,2.0535514434495443,6974523.597179912,83167.22614210208,104.95086215783569,8.561473631646464,-2.536451421430594,0.0016619556658576103,492.9773351100216,0.4274955865814306,0.4274955865814306,0.39215686274509803,923.3904670158902,2160.0,200.0,510.0,1123.3904670158902,923.3904670158902,0.05082566582733862,0.012662798496304839,0.06348846432364345,14.30226302900856,3.0264088406168854,17.328671869625417,17852.102530500248,418.41460778082944,30,-30,659.9999999999999
239.0,2.0415232821179647,6974523.718083265,83171.68915526797,104.9516931356686,8.560196442513666,-2.536085612364121,0.0015080112816217002,492.18972993339054,0.42592886100499433,0.42592886100499433,0.39215686274509803,920.0063397707877,2160.0,200.0,510.0,1120.006339770788,920.0063397707877,0.05066297549822458,0.012662798496304839,0.06332577399452942,14.327594516757673,3.032740239865038,17.36033475662268,17815.083724710203,417.07871568826147,30,-30,659.9999999999999
239.5,2.0294901445502425,6974523.838909938,83176.15150602256,104.9524471413094,8.558838752888684,-2.535716429514755,0.0013598005057608577,491.41748476233795,0.42441634061186767,0.42441634061186767,0.39215686274509803,916.7392957216342,2160.0,200.0,510.0,1116.7392957216343,916.7392957216342,0.05050590219032498,0.012662798496304839,0.06316870068662982,14.352847467852834,3.0390716391131907,17.391919106965997,17779.66264973891,415.7709502983547,30,-30,659.9999999999999
240.0,2.017463144636575,6974523.959674699,83180.61315487973,104.9531270415623,8.55740278963179,-2.5353440915852374,0.0012173033021899988,490.6613827480685,0.42295918786391357,0.42295918786391357,0.39215686274509803,913.5918457860533,2160.0,200.0,510.0,1113.5918457860532,913.5918457860533,0.05035456635414396,0.012662798496304839,0.0630173648504488,14.378024751029907,3.0454030383613433,17.42342778939122,17745.870658380663,414.4925122318052,30,-30,659.9999999999999
240.5,2.0054533231973877,6974524.080391912,83185.0740634639,104.9537356932134,8.555890848059027,-2.534968819022084,0.0010804947141935786,489.9221893866769,0.4215584968210645,0.4215584968210645,0.39215686274509803,910.5663531334993,2160.0,200.0,510.0,1110.5663531334992,910.5663531334993,0.05020908166176311,0.012662798496304839,0.06287188015806795,14.403129291860788,3.051734437609496,17.454863729470254,17713.73696083855,413.2445667767232,30,-30,659.9999999999999
241.0,1.9934716478265013,6974524.201075524,83189.53419454324,104.9542759405705,8.554305289296643,-2.53459083375883,0.0009493449241661637,489.2006513271304,0.4202152922857784,0.4202152922857784,0.39215686274509803,907.6650313372813,2160.0,200.0,510.0,1107.6650313372813,907.6650313372813,0.05006955489035714,0.012662798496304839,0.06273235338666197,14.428164069305966,3.0580658368576485,17.486229906163587,17683.288573618214,412.0282425458835,30,-30,659.9999999999999
241.5,1.981528956127206,6974524.3217390645,83193.99351206157,104.95475061303257,8.552648537559618,-2.5342103589643896,0.0008238193139334029,488.49749518320954,0.4189305290308812,0.4189305290308812,0.39215686274509803,904.8899427067033,2160.0,200.0,510.0,1104.889942706703,904.8899427067033,0.04993608581251863,0.012662798496304839,0.06259888430882346,14.453132112212225,3.064397236105801,17.517529348318,17654.55027206877,410.8446301622549,30,-30,659.9999999999999
242.0,1.9696359723229326,6974524.442395635,83198.45198116875,104.95516252268953,8.550923077356543,-2.5338276187729516,0.000703878549980695,487.8134263530997,0.41770509111205456,0.41770509111205456,0.39215686274509803,902.2429968020379,2160.0,200.0,510.0,1102.2429968020379,902.2429968020379,0.0498087670939209,0.012662798496304839,0.06247156559022574,14.478036495759186,3.070728635353954,17.548765131113115,17627.544546807745,409.6947809757089,30,-30,659.9999999999999
242.5,1.9578033267097452,6974524.563057903,83202.9095682499,104.95551446196454,8.549131450622939,-2.5334428380273555,0.0005894786618113755,487.14912785046755,0.41653979126627017,0.41653979126627017,0.39215686274509803,899.7259491351435,2160.0,200.0,510.0,1099.7259491351435,899.7259491351435,0.04968768419885393,0.012662798496304839,0.06235048269515877,14.502880337858613,3.0770600346021064,17.579940372460694,17602.29156426458,408.5797058138634,30,-30,659.9999999999999
243.0,1.9460414817964957,6974524.683738099,83207.36624095312,104.95580920129544,8.54727625378575,-2.5330562420367166,0.000480571112196722,486.5052591509869,0.4154353703971442,0.4154353703971442,0.39215686274509803,897.3404000578314,2160.0,200.0,510.0,1097.3404000578314,897.3404000578314,0.049572915304131986,0.012662798496304839,0.062235713800436826,14.52766679551068,3.083391433850259,17.611058229360914,17578.80913155732,407.50037377007607,30,-30,659.9999999999999
243.5,1.9343608050511618,6974524.804448009,83211.82196821574,104.95604948685154,8.545360134761983,-2.5326680563089563,0.00037710289947016294,485.88245505838063,0.41439249714805265,0.41439249714805265,0.39215686274509803,895.0877938397938,2160.0,200.0,510.0,1095.0877938397937,895.0877938397938,0.04946453122185169,0.012662798496304839,0.06212732971815653,14.552399061121605,3.0897228330984117,17.642121894219994,17557.112665904257,406.4577110316275,30,-30,659.9999999999999
244.0,1.9227714787960042,6974524.925198968,83216.27672028908,104.95623803830128,8.543385789893998,-2.532278506321046,0.00027901662855312035,485.28132459412797,0.4134117675639718,0.4134117675639718,0.39215686274509803,892.969417938179,2160.0,200.0,510.0,1092.969417938179,892.969417938179,0.04936259533148157,0.012662798496304839,0.06202539382778641,14.577080358787345,3.0960542323465643,17.673134591133888,17537.215168768424,405.45259975115465,30,-30,659.9999999999999
244.5,1.9112835355511388,6974525.046001861,83220.73046876179,104.95637754661557,8.541355960825125,-2.53188781725738,0.00018625062088351864,484.7024499150572,0.41249370484246284,0.41249370484246284,0.39215686274509803,890.9864024597197,2160.0,200.0,510.0,1090.9864024597198,890.9864024597197,0.04926716352169373,0.012662798496304839,0.06192996201799857,14.601713940548192,3.102385631594717,17.704099572142887,17519.127204898567,404.4858769644185,30,-30,659.9999999999999
245.0,1.8999068607285097,6974525.166867116,83225.18318658155,104.956470671926,8.539273431318415,-2.531496213770638,9.87390090217384e-05,484.146385263074,0.41163875917453074,0.41163875917453074,0.39215686274509803,889.1397198169864,2160.0,200.0,510.0,1089.1397198169864,889.1397198169864,0.049178284142363,0.012662798496304839,0.06184108263866784,14.626303082619375,3.1087170308428695,17.73502011346222,17502.856886431557,403.55833355747285,30,-30,659.9999999999999
245.5,1.8886511380238973,6974525.2878046995,83229.63484807525,104.9565200414305,8.537141024022306,-2.5311039197506324,1.6411830004174564e-05,483.61365595130223,0.4108473076755892,0.4108473076755892,0.39215686274509803,887.4301845792727,2160.0,200.0,510.0,1087.4301845792727,887.4301845792727,0.04909599796708635,0.012662798496304839,0.06175879646339119,14.650851081602918,3.115048430091022,17.765899511693917,17488.409862185534,402.6707132863011,30,-30,659.9999999999999
246.0,1.8775258868386169,6974525.408824118,83234.08542896762,104.95652824734552,8.53496159718701,-2.5307111580772155,-6.0804857981232396e-05,483.10475739089406,0.4101196544067001,0.4101196544067001,0.39215686274509803,885.8584535184723,2160.0,200.0,510.0,1085.858453518472,885.8584535184723,0.04902033816654561,0.012662798496304839,0.06168313666285045,14.67536125068619,3.121379829339175,17.796741080025342,17475.78931225544,401.82371185195234,30,-30,659.9999999999999
246.5,1.8665404281175177,6974525.529934411,83238.53490639814,104.95649784491653,8.532738041335163,-2.530318150396751,-0.00013298887533106843,482.62015416272726,0.40945603048627,0.40945603048627,0.39215686274509803,884.4250258503432,2160.0,200.0,510.0,1084.425025850343,884.4250258503432,0.04895133029301102,0.012662798496304839,0.06161412878931586,14.699836915832696,3.1277112285873274,17.82754814442,17464.995948006566,401.0179760341548,30,-30,659.9999999999999
247.0,1.8557038854331716,6974525.6511441525,83242.98325893641,104.95643135047887,8.530473275891136,-2.5299251168914325,-0.0002002218063867194,482.16027913814514,0.408856594291953,0.408856594291953,0.39215686274509803,883.1302436706184,2160.0,200.0,510.0,1083.1302436706185,883.1302436706184,0.04888899227621034,0.012662798496304839,0.06155179077251518,14.724281411970802,3.13404262783548,17.858324039806256,17456.028017525332,400.2541028863398,30,-30,659.9999999999999
247.5,1.8450251873879626,6974525.772461448,83247.43046659582,104.95633123957568,8.528170245773047,-2.529532276056846,-0.00026258888569712855,481.7255326527931,0.40832143175256824,0.40832143175256824,0.39215686274509803,881.9742925855475,2160.0,200.0,510.0,1081.9742925855476,881.9742925855475,0.04883333443076325,0.012662798496304839,0.06149613292706809,14.748698079186184,3.1403740270836327,17.88907210626979,17448.881316570536,399.5326389949198,30,-30,659.9999999999999
248.0,1.8345130514943155,6974525.893893933,83251.87651084556,104.95619994513282,8.525831917951956,-2.5291398444882094,-0.00032017888579951404,481.31628173748027,0.40785055672955756,0.40785055672955756,0.39215686274509803,880.9572025358443,2160.0,200.0,510.0,1080.9572025358443,880.9572025358443,0.04878435947532006,0.012662798496304839,0.0614471579716249,14.773090258923844,3.1467054263317853,17.919795685255604,17443.54920503654,398.85407980557846,30,-30,659.9999999999999
248.5,1.8241759305853902,6974526.015448776,83256.32137462092,104.95603985568992,8.523461277982868,-2.528748036667457,-0.00037308399861790063,480.9328594098413,0.4074439114873549,0.4074439114873549,0.39215686274509803,880.0788488126866,2160.0,200.0,510.0,1080.0788488126868,880.0788488126866,0.04874206256349394,0.012662798496304839,0.06140486105979878,14.797461290205591,3.153036825579938,17.950498115785503,17440.02262891344,398.2188690192154,30,-30,659.9999999999999
249.0,1.8140220886595113,6974526.137132676,83260.76504233194,104.95585331369061,8.521061326512214,-2.5283570647359,-0.0004213996945011891,480.57556403038365,0.40710136725191287,0.40710136725191287,0.39215686274509803,879.3389532641318,2160.0,200.0,510.0,1079.3389532641318,879.3389532641318,0.04870643132662923,0.012662798496304839,0.06136922982293407,14.821814505868906,3.1593682248280905,17.981182730696972,17438.290147703137,397.62739806006635,30,-30,659.9999999999999
249.5,1.804059569272907,6974526.258951863,83265.20749987027,104.95564261384337,8.518635075766365,-2.5279671383073725,-0.00046522461459089313,480.2446587262967,0.40682272485657783,0.40682272485657783,0.39215686274509803,878.7370856902081,2160.0,200.0,510.0,1078.7370856902082,878.7370856902081,0.04867744592840848,0.012662798496304839,0.06134024442471332,14.84615322883311,3.165699624076243,18.01185285290933,17438.337967227584,397.08000561836997,30,-30,659.9999999999999
250.0,1.7942961229751944,6974526.380912101,83269.64873461435,104.95541000153607,8.51618554602674,-2.527578464275328,-0.0005046604503062198,479.9403708861621,0.4066077154739702,0.4066077154739702,0.39215686274509803,878.2726654237756,2160.0,200.0,510.0,1078.2726654237756,878.2726654237756,0.04865507913121051,0.012662798496304839,0.06131787762751535,14.870480768398716,3.172031023324396,18.042511791723086,17440.149977721576,396.57697726981377,30,-30,659.9999999999999
250.5,1.7847393017244644,6974526.503018687,83274.08873543289,104.95515767131091,8.513715762096451,-2.527191246597561,-0.000539811792529542,479.6628917284258,0.40645600143266675,0.40645600143266675,0.39215686274509803,877.9449630945602,2160.0,200.0,510.0,1077.9449630945603,877.9449630945602,0.04863929637411286,0.012662798496304839,0.0613020948704177,14.894800416585772,3.1783624225725484,18.073162839158297,17443.707797088813,396.1185451737863,30,-30,659.9999999999999
251.0,1.7753963724639594,6974526.625276455,83278.52749268652,104.95488776541465,8.511228749763308,-2.526805686129401,-0.0005707860222499108,479.41237594620327,0.4063671771174139,0.4063671771174139,0.39215686274509803,877.753102573614,2160.0,200.0,510.0,1077.7531025736141,877.753102573614,0.048630055862391296,0.012662798496304839,0.061292854358696136,14.919115444516967,3.184693821820701,18.103809266337645,17448.99081917727,395.7048878522841,30,-30,659.9999999999999
251.5,1.7662743366365328,6974526.74768978,83282.96499822786,104.95460237240354,8.508727532265167,-2.526421980428018,-0.0005976931650230856,479.1889414306828,0.40634076995099894,0.40634076995099894,0.39215686274509803,877.6960630941577,2160.0,200.0,510.0,1077.6960630941578,877.6960630941577,0.048627308668274694,0.012662798496304839,0.061290107164579534,14.943429098851105,3.1910252210688537,18.134454319919936,17455.976266884816,395.3361300511298,30,-30,659.9999999999999
252.0,1.7573799720433434,6974526.870262577,83287.4012453997,104.95430352582102,8.506215126762518,-2.5260403235736812,-0.0006206457548632408,478.9926690750406,0.4063762414562251,0.4063762414562251,0.39215686274509803,877.7726815454462,2160.0,200.0,510.0,1077.7726815454462,877.7726815454462,0.04863099884271536,0.012662798496304839,0.0612937973390202,14.967744598272462,3.1973566203170063,18.165101218589445,17464.63924990251,395.0123426849093,30,-30,659.9999999999999
252.5,1.748719726487391,6974526.992998309,83291.83622903154,104.95399320294358,8.503694540823961,-2.5256609060166033,-0.0006397587171082642,478.82360266043764,0.4064729883960017,0.4064729883960017,0.39215686274509803,877.9816549353637,2160.0,200.0,510.0,1077.9816549353636,877.9816549353637,0.048641063537861406,0.012662798496304839,0.06130386203416625,14.992065130041393,3.203688019565159,18.195753149606528,17474.952826867284,394.73354286682775,30,-30,659.9999999999999
253.0,1.7402998114934511,6974527.115899988,83296.26994543443,104.95367332358504,8.501168768930444,-2.525283914386854,-0.0006551492067864459,478.6817488252929,0.4066303439893353,0.4066303439893353,0.39215686274509803,878.3215430169643,2160.0,200.0,510.0,1078.3215430169641,878.3215430169643,0.04865743313986661,0.012662798496304839,0.06132023163617145,15.016393846611326,3.2100194188133115,18.226413265424615,17486.888071671005,394.49969402442554,30,-30,659.9999999999999
253.5,1.7321261353893604,6974527.238970181,83300.70239239397,104.95334574898163,8.498640789003147,-2.5249095313525594,-0.000666936488346316,478.5670771186373,0.4068475792012778,0.4068475792012778,0.39215686274509803,878.79077107476,2160.0,200.0,510.0,1078.79077107476,878.79077107476,0.04868003141167669,0.012662798496304839,0.06134282990798153,15.040733862317165,3.216350818061464,18.257084680378604,17500.414143671336,394.31070610182775,30,-30,659.9999999999999
254.0,1.7242043240844278,6974527.362211013,83305.13356916182,104.95301228073747,8.496113558961284,-2.524537935457496,-0.0006752417878661682,478.47952013797146,0.4071239041041889,0.4071239041041889,0.39215686274509803,879.387632865048,2160.0,200.0,510.0,1079.387632865048,879.387632865048,0.048708775645336044,0.012662798496304839,0.061371574141640885,15.065088250139834,3.222682217309617,18.287770467449423,17515.498361507398,394.1664358489616,30,-30,659.9999999999999
254.5,1.716539726190111,6974527.4856241755,83309.56347644527,104.95267465984354,8.493590013315002,-2.5241693009758097,-0.0006801881554146155,478.4189737516377,0.4074584693079798,0.4074584693079798,0.39215686274509803,880.1102937052364,2160.0,200.0,510.0,1080.1102937052365,880.1102937052364,0.04874357682337121,0.012662798496304839,0.06140637531967605,15.089460038551518,3.2290136165577694,18.318473655109262,17532.106280227385,394.0666871978711,30,-30,659.9999999999999
255.0,1.7091373806864547,6974527.609210929,83313.9921163954,104.95233456576582,8.491073059799133,-2.5238037977767105,-0.0006819003308417037,478.38529740531874,0.407850367456632,0.407850367456632,0.39215686274509803,880.9567937063251,2160.0,200.0,510.0,1080.956793706325,880.9567937063251,0.04878433978875178,0.012662798496304839,0.06144713828505662,15.113852208445895,3.235345015805922,18.34919722425179,17550.201771411084,394.01121172599545,30,-30,659.9999999999999
255.5,1.7020020020207522,6974527.7329721125,83318.4194925934,104.95199361560041,8.488565576053398,-2.52344159118337,-0.0006805045970111322,478.37831451187037,0.4082986347882101,0.4082986347882101,0.39215686274509803,881.9250511425338,2160.0,200.0,510.0,1081.9250511425337,881.9250511425338,0.04883096342290756,0.012662798496304839,0.0614937619192124,15.138267690157349,3.2416764150540747,18.379944105211393,17569.747105961513,393.99970920598275,30,-30,659.9999999999999
256.0,1.695138040318068,6974527.856908148,83322.84561003535,104.95165336330192,8.48607040635439,-2.52308284183383,-0.0006761286280156011,478.3978129232894,0.40880225275556714,0.40880225275556714,0.39215686274509803,883.0128659520251,2160.0,200.0,510.0,1083.012865952025,883.0128659520251,0.04888334083126775,0.012662798496304839,0.061546139327572594,15.162709360572983,3.2480078143022273,18.41071717487518,17590.703039235705,394.03182824131676,30,-30,659.9999999999999
256.5,1.688549632533715,6974527.981019048,83327.2704751154,104.95131529898791,8.483590358404655,-2.5227277055751123,-0.0006689013644722828,478.4435454832337,0.40936014970480544,0.40936014970480544,0.39215686274509803,884.2179233623798,2160.0,200.0,510.0,1084.21792336238,884.2179233623798,0.04894135953576577,0.012662798496304839,0.06160415803207061,15.187180040340866,3.25433921355038,18.441519253891215,17613.028898177326,394.10716698675196,30,-30,659.9999999999999
257.0,1.6822405685806785,6974528.105304424,83331.69409560735,104.95098084830565,8.481128200184642,-2.5223763333438813,-0.0006589528692284443,478.5152306581257,0.40997120260823994,0.40997120260823994,0.39215686274509803,885.5377976337982,2160.0,200.0,510.0,1085.5377976337984,885.5377976337982,0.049004901673715774,0.012662798496304839,0.061667700170020615,15.211682491177724,3.2606706127985325,18.472353103976225,17636.682670101174,394.22527395226297,30,-30,659.9999999999999
257.5,1.67621436974488,6974528.229763492,83336.11648064476,104.95065137187105,8.478686656872435,-2.522028871040836,-0.0006464141699989793,478.6125532444901,0.41063423884881944,0.41063423884881944,0.39215686274509803,886.96995591345,2160.0,200.0,510.0,1086.9699559134501,886.96995591345,0.04907384420248647,0.012662798496304839,0.06173664269879131,15.236219413278967,3.267002012046685,18.50322142532562,17661.621092792084,394.3856488889086,30,-30,659.9999999999999
258.0,1.6704742222222748,6974528.354395084,83340.53764069946,104.95032816478604,8.476268407836136,-2.5216854594457785,-0.0006314171368820395,478.7351651498339,0.41134803805285647,0.41134803805285647,0.39215686274509803,888.5117621941699,2160.0,200.0,510.0,1088.51176219417,888.5117621941699,0.04914805910938825,0.012662798496304839,0.06181085760569309,15.260793442833661,3.273333411294838,18.534126854128466,17687.799745581175,394.58774375473865,30,-30,659.9999999999999
258.5,1.6650229985293439,6974528.479197654,83344.95758755865,104.95001245621759,8.473876083704384,-2.521346234111542,-0.0006140943328136441,478.8826862440434,0.4121113339675353,0.4121113339675353,0.39215686274509803,890.1604813698762,2160.0,200.0,510.0,1090.1604813698764,890.1604813698762,0.049227413626153974,0.012662798496304839,0.061890212122458814,15.285407149646739,3.2796648105429904,18.565071960189695,17715.173141053117,394.8309637586027,30,-30,659.9999999999999
259.0,1.6598632266432212,6974528.604169289,83349.37633430056,104.94970540905119,8.471512263519372,-2.521011325274422,-0.0005945788745587475,479.05470527795006,0.41292281637999834,0.41292281637999834,0.39215686274509803,891.9132833807964,2160.0,200.0,510.0,1091.9132833807964,891.9132833807964,0.049311770447434886,0.012662798496304839,0.061974568943739726,15.310063034870456,3.285996209791143,18.596059244661564,17743.694817061893,395.1146684794272,30,-30,659.9999999999999
259.5,1.6549971685964715,6974528.729307715,83353.79389526873,104.94940811961392,8.46917947197708,-2.5206808577588635,-0.0005730042819160527,479.2507808654396,0.41378113307453523,0.41378113307453523,0.39215686274509803,893.7672474409961,2160.0,200.0,510.0,1093.767247440996,893.7672474409961,0.049400987952713804,0.012662798496304839,0.062063786449018644,15.334763528846814,3.2923276090392957,18.627091137886072,17773.317428731207,395.4381730582868,30,-30,659.9999999999999
260.0,1.6504266985770528,6974528.854610312,83358.21028604491,104.94912161747297,8.46688017675895,-2.5203549509220458,-0.0005495043617913084,479.47044252521323,0.41468489182450535,0.41468489182450535,0.39215686274509803,895.7193663409315,2160.0,200.0,510.0,1095.7193663409314,895.7193663409315,0.0494949204310607,0.012662798496304839,0.06215771892736554,15.359510989062345,3.2986590082874483,18.658169997349756,17803.99284013299,395.8007494603388,30,-30,659.9999999999999
260.5,1.6461534157850974,6974528.980074119,83362.6255234207,104.94884686529207,8.464616785959697,-2.5200337185537394,-0.0005242130416076408,479.7131917780824,0.4156326624152893,0.4156326624152893,0.39215686274509803,897.766550817025,2160.0,200.0,510.0,1097.7665508170248,897.766550817025,0.04959341830813488,0.012662798496304839,0.06225621680443972,15.384307698216412,3.304990407535601,18.689298105751977,17835.67221533668,396.20162780346675,30,-30,659.9999999999999
261.0,1.6421785796245334,6974529.1056958465,83367.03962536794,104.94858475877126,8.462391645614412,-2.5197172688308087,-0.0004972642522069972,479.97850329546293,0.4166229786951012,0.4166229786951012,0.39215686274509803,899.9056339814185,2160.0,200.0,510.0,1099.9056339814185,899.9056339814185,0.049696328374909976,0.012662798496304839,0.062359126871214816,15.409155862403868,3.3113218067837535,18.720477669187584,17868.30610856078,396.6399977502349,30,-30,659.9999999999999
261.5,1.6385031315094003,6974529.231471887,83371.45261100777,104.94833612664516,8.460207037329406,-2.519405704250362,-0.00046879178437821107,480.265826094582,0.417654340649862,0.417654340649862,0.39215686274509803,902.1333758037019,2160.0,200.0,510.0,1102.133375803702,902.1333758037019,0.04980349401755006,0.012662798496304839,0.0624662925138549,15.434057609412642,3.317653206031906,18.75171081544451,17901.844553146468,397.11500995958767,30,-30,659.9999999999999
262.0,1.6351277013643337,6974529.357398324,83375.86450057877,104.94810173075297,8.458065176019835,-2.519099121578558,-0.00043892915597525605,480.5745847757531,0.4187252164987932,0.4187252164987932,0.39215686274509803,904.4464676373933,2160.0,200.0,510.0,1104.4464676373932,904.4464676373933,0.04991475544793246,0.012662798496304839,0.0625775539442373,15.459014987136609,3.323984605280059,18.78299959241663,17936.237149110486,397.6257775945112,30,-30,659.9999999999999
262.5,1.6320525578485825,6974529.483470946,83380.27531540376,104.94788226617499,8.455968207757422,-2.5187976118080786,-0.0004078094830351327,480.90418079697776,0.41983404480720127,0.41983404480720127,0.39215686274509803,906.8415367835547,2160.0,200.0,510.0,1106.8415367835546,906.8415367835547,0.05002994993431377,0.012662798496304839,0.0626927484306186,15.484029962103765,3.3303160045282114,18.81434596663194,17971.433149043714,398.1713778817273,30,-30,659.9999999999999
263.0,1.6292776683236894,6974529.609685256,83384.68507785574,104.94767836143346,8.453918207731249,-2.518501260100798,-0.0003755653309411939,481.2539937810534,0.420979236612966,0.420979236612966,0.39215686274509803,909.3151510840065,2160.0,200.0,510.0,1109.3151510840066,909.3151510840065,0.05014891203166206,0.012662798496304839,0.0628117105279669,15.509104418119597,3.336647403776364,18.845751821895924,18007.381542141775,398.75085371933676,30,-30,659.9999999999999
263.5,1.6268027250370571,6974529.736036483,83389.09381132267,104.947490578768,8.45191717832388,-2.518210145761775,-0.00034232859233545226,481.6233828503223,0.4221591775634526,0.4221591775634526,0.39215686274509803,911.8638235370577,2160.0,200.0,510.0,1111.8638235370577,911.8638235370577,0.05027147381122188,0.012662798496304839,0.06293427230752671,15.534240155025207,3.3429788030245167,18.87721895804969,18044.031136181224,399.3632153282026,30,-30,659.9999999999999
264.0,1.6246270404209564,6974529.862519594,83393.50154017146,104.94731941447183,8.449967047305577,-2.5179243422290907,-0.0003082303772437575,482.011687984195,0.42337223005930114,0.42337223005930114,0.39215686274509803,914.4840169280905,2160.0,200.0,510.0,1114.4840169280906,914.4840169280905,0.05039746508887421,0.012662798496304839,0.06306026358517905,15.559438887569645,3.3493102022726693,18.908749089842278,18081.330637261366,400.0074419427765,30,-30,659.9999999999999
264.5,1.6227496237167414,6974529.989129306,83397.90828971102,104.94716529928321,8.448069666148799,-2.517643917024992,-0.00027340085976152974,482.41823139458995,0.424616735401686,0.424616735401686,0.39215686274509803,917.1721484676417,2160.0,200.0,510.0,1117.1721484676418,917.1721484676417,0.05052671365189118,0.012662798496304839,0.06318951214819601,15.58470224439559,3.355641601520822,18.940343845916377,18119.228727156104,400.6824835369673,30,-30,659.9999999999999
265.0,1.6211692265141913,6974530.115860096,83402.31408615445,104.94702859885332,8.446226808464008,-2.5173689317451347,-0.00023796915846510571,482.84231891447524,0.42589101594007167,0.42589101594007167,0.39215686274509803,919.9245944305547,2160.0,200.0,510.0,1119.9245944305546,919.9245944305547,0.05065904548375346,0.012662798496304839,0.0633218439800583,15.610031767137468,3.3619730007689745,18.972004767906405,18157.67413815665,401.387262580592,30,-30,659.9999999999999
265.5,1.6198842017992618,6974530.242706219,83406.71895658057,104.94690961427409,8.444440168558739,-2.5170994420711965,-0.00020206323712827166,483.283241394796,0.4271933772170555,0.4271933772170555,0.39215686274509803,922.7376947888399,2160.0,200.0,510.0,1122.73769478884,922.7376947888399,0.05079428498667577,0.012662798496304839,0.06345708348298061,15.635428909630805,3.368304400017127,19.003733309647895,18196.61572528352,402.12067582193583,30,-30,659.9999999999999
266.0,1.6188926903945948,6974530.369661711,83411.12292889468,104.94680858265554,8.442711360121331,-2.516835497729089,-0.00016580974649906723,483.74027610515935,0.42852211010704466,0.42852211010704466,0.39215686274509803,925.6077578312164,2160.0,200.0,510.0,1125.6077578312163,925.6077578312164,0.05093225520152497,0.012662798496304839,0.0635950536978298,15.660895037231567,3.37463579926528,19.03553083649681,18236.002535770116,402.88159609191297,30,-30,659.9999999999999
266.5,1.6181924663930407,6974530.496720411,83415.52603178866,104.9467256777823,8.441041915029215,-2.516577142530323,-0.00012933394625487386,484.2126881337721,0.4298754929461165,0.4298754929461165,0.39215686274509803,928.5310647636117,2160.0,200.0,510.0,1128.5310647636115,928.5310647636117,0.051072778024898575,0.012662798496304839,0.06373557652120342,15.686431426244017,3.3809671985134324,19.067398624757413,18275.783875761525,403.6688741253147,30,-30,659.9999999999999
267.0,1.617781011937579,6974530.623875967,83419.9282947006,104.94666101080915,8.439433282283487,-2.5163244143520798,-9.2759562083968e-05,484.6997317823013,0.43125179364960065,0.43125179364960065,0.39215686274509803,931.5038742831374,2160.0,200.0,510.0,1131.5038742831373,931.5038742831374,0.05121567442306848,0.012662798496304839,0.06387847291937332,15.712039263455551,3.387298597761585,19.099337861217098,18315.909374151248,404.48134039469875,30,-30,659.9999999999999
267.5,1.6176555443083664,6974530.751121853,83424.32974777381,104.94661463102813,8.437886827068963,-2.5160773451535916,-5.620867542146387e-05,485.200651951469,0.43264927181494156,0.43264927181494156,0.39215686274509803,934.5224271202738,2160.0,200.0,510.0,1134.522427120274,934.5224271202738,0.05136076464261994,0.012662798496304839,0.06402356313892478,15.737719645776862,3.3936299970097377,19.13134964278656,18356.329043536974,405.3178069524684,30,-30,659.9999999999999
268.0,1.617812967126589,6974530.878451376,83428.73042181545,104.94658652669041,8.436403829940124,-2.515835961007382,-1.980162540598691e-05,485.7146855134093,0.4340661808068891,0.4340661808068891,0.39215686274509803,937.5829505428804,2160.0,200.0,510.0,1137.5829505428806,937.5829505428804,0.051507868417580316,0.012662798496304839,0.06417066691388515,15.763473579985652,3.3999613962578903,19.163434976243504,18396.993338265936,406.1770692768052,30,-30,659.9999999999999
268.5,1.6182499299331954,6974531.005857696,83433.13034825471,104.94657662587771,8.434985486132739,-2.515600282113517,1.634310919843652e-05,486.24106266701324,0.4355007698222803,0.4355007698222803,0.39215686274509803,940.6816628161255,2160.0,200.0,510.0,1140.6816628161255,940.6816628161255,0.051656805172871884,0.012662798496304839,0.06431960366917672,15.789301982572088,3.406292795506043,19.195594778078092,18437.85320956147,407.05790811718236,30,-30,659.9999999999999
269.0,1.6189627806104072,6974531.133333831,83437.5295591007,104.9465847974323,8.433632905000193,-2.515370322842333,5.210900214399956e-05,486.7790082726979,0.4369512859320046,0.4369512859320046,0.39215686274509803,943.8147776131299,2160.0,200.0,510.0,1143.81477761313,943.8147776131299,0.051807394223971154,0.012662798496304839,0.06447019272027599,15.815205679684073,3.4126241947541955,19.227829874438232,18478.860157746265,407.9590913352841,30,-30,659.9999999999999
269.5,1.6199475697331993,6974531.260872678,83441.92808690008,104.94661085193337,8.432347109573989,-2.5151460917602364,8.738159146408871e-05,487.3277431632844,0.43841597609754596,0.43841597609754596,0.39215686274509803,946.9785083706993,2160.0,200.0,510.0,1146.9785083706993,946.9785083706993,0.051959454972650386,0.012662798496304839,0.06462225346895523,15.841185407170398,3.418955594002348,19.26014100117271,18519.966281578025,408.87937573729414,30,-30,659.9999999999999
270.0,1.6212001491893886,6974531.388467018,83446.32596469446,104.9466545427291,8.431129036246885,-2.514927591660875,0.00012204858881194513,487.8864854278962,0.4398930891599124,0.4398930891599124,0.39215686274509803,950.1690725854107,2160.0,200.0,510.0,1150.169072585411,950.1690725854107,0.05211280709873092,0.012662798496304839,0.06477560559503576,15.867241810719763,3.425286993250501,19.292528803970228,18561.124324738394,409.81750889363457,30,-30,659.9999999999999
270.5,1.622716051549627,6974531.516109533,83450.72322597766,104.94671556702352,8.42997953457726,-2.514714819640125,0.00015599994652457148,488.4544516660474,0.4413808777987369,0.4413808777987369,0.39215686274509803,953.3826960452717,2160.0,200.0,510.0,1153.3826960452716,953.3826960452717,0.05226727074778514,0.012662798496304839,0.06493006924408998,15.893375446093655,3.4316183924986534,19.324993838592274,18602.28771952105,410.77223094240156,30,-30,659.9999999999999
271.0,1.624490602806693,6974531.643792817,83455.1199046529,104.94679356699677,8.428899367213655,-2.5145077671227027,0.0001891279754697997,489.03085820934444,0.4428776004591854,0.4428776004591854,0.39215686274509803,956.6156169918404,2160.0,200.0,510.0,1156.6156169918404,956.6156169918404,0.0524226667147154,0.012662798496304839,0.06508546521102024,15.919586779451013,3.437949791746806,19.357536571197784,18643.41062776326,411.7422763729071,30,-30,659.9999999999999
271.5,1.6265188210448498,6974531.771509393,83459.51603498988,104.94688813098452,8.427889209936762,-2.514306419938742,0.0002213274146960896,489.6149223084638,0.44438152324502184,0.44438152324502184,0.39215686274509803,959.8640902092473,2160.0,200.0,510.0,1159.864090209247,959.8640902092473,0.05257881662321809,0.012662798496304839,0.06524161511952292,15.945876187762622,3.4442811909949587,19.390157378757547,18684.447979099827,412.7263757858828,30,-30,659.9999999999999
272.0,1.6287955667011793,6974531.899251717,83463.9116515821,104.94699879469186,8.426949651817456,-2.514110758359985,0.00025249554374917295,490.20586328334315,0.4458909217756772,0.4458909217756772,0.39215686274509803,963.1243910354627,2160.0,200.0,510.0,1163.1243910354626,963.1243910354627,0.052735543101092075,0.012662798496304839,0.06539834159739691,15.972243959313168,3.4506125902431113,19.422856549556244,18725.355506598775,413.72325762712046,30,-30,659.9999999999999
272.5,1.631315405249312,6974532.027012198,83468.30678930397,104.94712504246374,8.426081195487846,-2.5139207572009172,0.00028253223104151567,490.80290363476365,0.44740408300585033,0.44740408300585033,0.39215686274509803,966.3928192926367,2160.0,200.0,510.0,1166.3928192926367,966.3928192926367,0.052892669951423166,0.012662798496304839,0.065555468447728,15.99869029428888,3.456943989491264,19.455634283780107,18766.0897798689,414.7316498914857,30,-30,659.9999999999999
273.0,1.634072682219268,6974532.154783209,83472.70148326835,104.94726630857926,8.42528425752379,-2.513736385863571,0.0003113400402791743,491.40527011576535,0.4489193070056189,0.4489193070056189,0.39215686274509803,969.6657031321369,2160.0,200.0,510.0,1169.6657031321367,969.6657031321369,0.05305002231961809,0.012662798496304839,0.06571282081592293,16.02521530544869,3.4632753887394165,19.48849069418807,18806.608235705917,415.7502817944649,30,-30,659.9999999999999
273.5,1.6370615868309393,6974532.2825570945,83477.09576878406,104.94742197859941,8.42455916893524,-2.51355760841609,0.00033882430488341376,492.0121947615636,0.4504349086999172,0.4504349086999172,0.39215686274509803,972.9394027918212,2160.0,200.0,510.0,1172.939402791821,972.9394027918212,0.05320742685635129,0.012662798496304839,0.06587022535265613,16.051819018876866,3.469606787987569,19.521425806864396,18846.86920638108,416.77788540857335,30,-30,659.9999999999999
274.0,1.640276048537727,6974532.410326188,83481.48968131379,104.94759139075185,8.423906175762026,-2.513384383698618,0.00036489317541955744,492.62291587689623,0.4519492195657965,0.4519492195657965,0.39215686274509803,976.2103142621204,2160.0,200.0,510.0,1176.2103142621206,976.2103142621204,0.05336471187643691,0.012662798496304839,0.06602751037274175,16.078501374815083,3.475938187235722,19.554439562050767,18886.831945655165,417.813197262193,30,-30,659.9999999999999
274.5,1.6437097944361756,6974532.538082824,83485.88325643225,104.94777383733955,8.423325439772462,-2.513216665386646,0.0003894577108501134,493.2366789799507,0.4534605892860102,0.4534605892860102,0.39215686274509803,979.474872857782,2160.0,200.0,510.0,1179.474872857782,979.474872857782,0.053521707513646495,0.012662798496304839,0.06618450600995134,16.105262228571906,3.4822695864838744,19.587531815055744,18926.45665260411,418.85495989860027,30,-30,659.9999999999999
275.0,1.6473563937853133,6974532.665819345,83490.27652978466,104.94796856619497,8.422817039260902,-2.5130544020800394,0.0004124319454139906,493.8527377022371,0.4549673873580363,0.4549673873580363,0.39215686274509803,982.7295566933585,2160.0,200.0,510.0,1182.7295566933583,982.7295566933585,0.05367824587154402,0.012662798496304839,0.06634104436784885,16.13210135150768,3.488600985732027,19.620702337239667,18965.704493363664,419.9019233931371,30,-30,659.9999999999999
275.5,1.6512092277283583,6974532.793528117,83494.66953704572,104.94817478216768,8.422380969941358,-2.512897537411135,0.0004337329367313712,494.47035464400324,0.45646800465732,0.45646800465732,0.39215686274509803,985.9708900598112,2160.0,200.0,510.0,1185.9708900598112,985.9708900598112,0.053834161170367184,0.012662798496304839,0.06649695966667202,16.15901843209286,3.4949323849801797,19.653950817073003,19004.537620882038,420.95284682671576,30,-30,659.9999999999999
276.0,1.655261493305152,6974532.921201541,83499.06231387887,104.94839164863605,8.422017145934046,-2.5127460101402863,0.00045328082686804563,495.08880218498035,0.4579608549536667,0.4579608549536667,0.39215686274509803,989.19544669992,2160.0,200.0,510.0,1189.19544669992,989.19544669992,0.05398928988998891,0.012662798496304839,0.06665208838629375,16.186013077037856,3.5012637842283323,19.68727686126615,19042.919192771653,422.00649971404215,30,-30,659.9999999999999
276.5,1.6595062274685786,6974533.048832063,83503.45489589624,104.94861828904946,8.421725400841186,-2.5125997542536056,0.00047099890182979875,495.7073632504366,0.4594443763800044,0.4594443763800044,0.39215686274509803,992.3998529808096,2160.0,200.0,510.0,1192.3998529808096,992.3998529808096,0.054143470909011025,0.012662798496304839,0.06680626940531587,16.21308481249236,3.507595183476485,19.72067999596881,19080.813387358452,423.0616633851343,30,-30,659.9999999999999
277.0,1.6639363313271074,6974533.176412184,83507.84731861902,104.94885378850039,8.421505488908513,-2.512458699071014,0.0004868136410615205,496.3253320326983,0.4609170328527546,0.4609170328527546,0.39215686274509803,995.58079096195,2160.0,200.0,510.0,1195.58079096195,995.58079096195,0.05429654564003242,0.012662798496304839,0.06695934413633725,16.24023308531238,3.5139265827246375,19.754159668036976,19118.18541802237,424.11713231892196,30,-30,659.9999999999999
277.5,1.668544539019193,6974533.3039344745,83512.23961743843,104.94909719532092,8.42135708626901,-2.512322769364166,0.0005006547569206632,496.9420146684676,0.46237731544308674,0.46237731544308674,0.39215686274509803,998.7350013570674,2160.0,200.0,510.0,1198.7350013570674,998.7350013570674,0.054448358161123526,0.012662798496304839,0.06711115665742837,16.26745726439294,3.52025798197279,19.78771524636569,19155.001545918374,425.171715427912,30,-30,659.9999999999999
278.0,1.673323476782103,6974533.431391582,83516.63182757726,104.94934752269937,8.421279792265356,-2.512191885461079,0.0005124552475942769,497.5567298724164,0.4638237436984211,0.4638237436984211,0.39215686274509803,1001.8592863885897,2160.0,200.0,510.0,1201.8592863885895,1001.8592863885897,0.05459875534353476,0.012662798496304839,0.0672615538398396,16.29475664206471,3.526589381220943,19.82134602328561,19191.22909116524,426.22423729308304,30,-30,659.9999999999999
278.5,1.678265614619451,6974533.558776243,83521.02398405223,104.94960375032318,8.421273130847146,-2.5120659633751274,0.0005221514252908515,498.1688095276749,0.46525486691378837,0.46525486691378837,0.39215686274509803,1004.9505125337829,2160.0,200.0,510.0,1204.950512533783,1004.9505125337829,0.05474758697567636,0.012662798496304839,0.0674103854719812,16.32213043555255,3.5329207804690954,19.8550512160216,19226.836442593194,427.27353934835725,30,-30,659.9999999999999
279.0,1.6833633613064187,6974533.68608129,83525.41612163682,104.94986482603582,8.421336552039543,-2.5119449149131454,0.0005296829652259773,498.7775992339699,0.4666692653524831,0.4666692653524831,0.39215686274509803,1008.0056131613635,2160.0,200.0,510.0,1208.0056131613637,1008.0056131613635,0.054894705883374716,0.012662798496304839,0.06755750437967956,16.349577788494237,3.539252179717248,19.88882996821144,19261.79306612779,428.31848101417467,30,-30,659.9999999999999
279.5,1.6886089431527462,6974533.813299669,83529.80827482505,104.95012966751842,8.421469433479263,-2.5118286478224565,0.0005349929147364309,499.3824588142727,0.46806555141583484,0.46806555141583484,0.39215686274509803,1011.0215910582033,2160.0,200.0,510.0,1211.0215910582033,1011.0215910582033,0.05503996804643458,0.012662798496304839,0.06770276654273942,16.377097772517455,3.5455835789654007,19.922681351482808,19296.069511897247,429.3579407798559,30,-30,659.9999999999999
280.0,1.6939945704338912,6974533.9404244395,83534.20047779584,104.9503971639758,8.421671082014763,-2.511717065886234,0.0005380277541083838,499.9827627809314,0.469442370761597,0.469442370761597,0.39215686274509803,1013.9955208450496,2160.0,200.0,510.0,1213.9955208450494,1013.9955208450496,0.055183232711487215,0.012662798496304839,0.06784603120779205,16.404689388873198,3.5519149782135533,19.956604367086705,19329.63742013008,430.3908172346074,30,-30,659.9999999999999
280.5,1.6995123365527458,6974534.06744879,83538.59276437829,104.95066617785287,8.421940735366071,-2.51161006908773,0.0005387373873053475,500.5779007623393,0.47079840337112083,0.47079840337112083,0.39215686274509803,1016.924551281621,2160.0,200.0,510.0,1216.924551281621,1016.924551281621,0.05532436250115858,0.012662798496304839,0.06798716099746342,16.432351570123778,3.558246377461706,19.990597947585435,19362.46952593148,431.41603004715296,30,-30,659.9999999999999
281.0,1.705154218863477,6974534.194366048,83542.98516801777,104.9509355465465,8.422277563841636,-2.511507553730287,0.0005370751758752274,501.1672778912893,0.4721323645647608,0.4721323645647608,0.39215686274509803,1019.8059074598833,2160.0,200.0,510.0,1219.8059074598834,1019.8059074598833,0.05546322351950118,0.012662798496304839,0.06812602201580602,16.46008318188353,3.5645777767098585,20.024660958593337,19394.539662989806,432.4325208941494,30,-30,659.9999999999999
281.5,1.7109122119790927,6974534.321169684,83547.37772174274,104.95120408413446,8.42268067210778,-2.5114094125571027,0.0005329979728852903,501.75031515620907,0.4734430059657635,0.4734430059657635,0.39215686274509803,1022.6368928860492,2160.0,200.0,510.0,1222.636892886049,1022.6368928860492,0.05559968545370157,0.012662798496304839,0.0682624839500064,16.48788302461038,3.570909175958011,20.05879220056834,19425.822766292284,433.4392543376329,30,-30,659.9999999999999
282.0,1.71677820704195,6974534.447853322,83551.77045813265,104.9514705831209,8.42314910100713,-2.5113155349250254,0.0005264661008694826,502.32644971654287,0.47472911641266075,0.47472911641266075,0.39215686274509803,1025.414891451347,2160.0,200.0,510.0,1225.414891451347,1025.414891451347,0.05573362167203742,0.012662798496304839,0.06839642016834226,16.5157498354464,3.577240575206164,20.09299041065251,19456.294873912524,434.4352186518944,30,-30,659.9999999999999
282.5,1.7227440465750754,6974534.574410751,83556.16340928656,104.95173381617133,8.423681829423227,-2.5112258069254585,0.0005174433814206987,502.89513518359627,0.47598952281990353,0.47598952281990353,0.39215686274509803,1028.1373692909917,2160.0,200.0,510.0,1228.1373692909917,1028.1373692909917,0.05586490931801371,0.012662798496304839,0.06852770781431855,16.543682290105405,3.5835719744543164,20.12725426455967,19485.933127914603,435.41942660029747,30,-30,659.9999999999999
283.0,1.7288015487872157,6974534.70083593,83560.55660679276,104.95199253786204,8.424277776186976,-2.511140111527082,0.0005058971419757005,503.4558418681724,0.4772230909871979,0.4772230909871979,0.39215686274509803,1030.8018765323475,2160.0,200.0,510.0,1230.8018765323475,1030.8018765323475,0.05599342940067021,0.012662798496304839,0.06865622789697505,16.57167900480574,3.589903373702469,20.161582378508157,19514.71577444292,436.3909161626195,30,-30,659.9999999999999
283.5,1.7349425301635526,6974534.827122994,83564.95008169937,104.95224548643303,8.42493580202174,-2.5110583287267136,0.0004917982127916364,504.0080569963785,0.47842872635759986,0.47842872635759986,0.39215686274509803,1033.4060489324156,2160.0,200.0,510.0,1233.4060489324156,1033.4060489324156,0.0561190668809975,0.012662798496304839,0.06878186537730234,16.59973853824624,3.5962347729506217,20.19597331119681,19542.622163044034,437.34875121362796,30,-30,659.9999999999999
284.0,1.741158735891909,6974534.953266265,83569.34386448585,104.95249138553942,8.425654711523793,-2.510980335707161,0.00047512091486601106,504.5512848949907,0.4796053747245404,0.4796053747245404,0.39215686274509803,1035.9476094050071,2160.0,200.0,510.0,1235.9476094050071,1035.9476094050071,0.05624171075439882,0.012662798496304839,0.06890450925070365,16.62785939362344,3.6025661721987743,20.23042556582216,19569.63274526576,438.29202215367326,30,-30,659.9999999999999
284.5,1.747441969723155,6974535.079260257,83573.73798503552,104.95272894599685,8.426433255174894,-2.5109060069639093,0.0004558430778095968,505.0850471477701,0.4807520228880076,0.4807520228880076,0.39215686274509803,1038.4243694380964,2160.0,200.0,510.0,1238.4243694380964,1038.4243694380964,0.056361254129130574,0.012662798496304839,0.06902405262543541,16.656040020688003,3.608897571446927,20.264937592134878,19595.72907257626,439.2198464921523,30,-30,659.9999999999999
285.0,1.7537840093305002,6974535.205099683,83578.13247260904,104.95295686753576,8.42727013138318,-2.510835214483979,0.00043394600317883723,505.60888272412495,0.4818676992604087,0.4818676992604087,0.39215686274509803,1040.8342304024827,2160.0,200.0,510.0,1240.8342304024827,1040.8342304024827,0.056477594300674984,0.012662798496304839,0.06914039279697982,16.68427881783834,3.6152289706950795,20.29950778853337,19620.89379365255,440.1313693847578,30,-30,659.9999999999999
285.5,1.7601766245950388,6974535.330779463,83582.52735581891,104.95317384053736,8.428163988550006,-2.510767827886276,0.00040941446420540494,506.1223480815193,0.48295147442212555,0.48295147442212555,0.39215686274509803,1043.1751847517912,2160.0,200.0,510.0,1243.1751847517912,1043.1751847517912,0.05659063282193707,0.012662798496304839,0.06925343131824191,16.71257413424931,3.621560369943232,20.33413450419249,19645.110651061877,441.0257641255095,30,-30,659.9999999999999
286.0,1.7666116549906081,6974535.456294727,83586.92266260507,104.95337854776946,8.429113427159017,-2.5107037145676014,0.0003822366982216743,506.62501724299756,0.48400246162739574,0.48400246162739574,0.39215686274509803,1045.445317115175,2160.0,200.0,510.0,1245.445317115175,1045.445317115175,0.05670027556921518,0.012662798496304839,0.06936307406552002,16.740924272033915,3.627891769191385,20.36881604122525,19668.36447738078,441.9022325945776,30,-30,659.9999999999999
286.5,1.7730809408487067,6974535.581640822,83591.31842021144,104.95356966611855,8.430117001884488,-2.5106427398782203,0.00035240436678269765,507.1164818511921,0.4850198172609082,0.4850198172609082,0.39215686274509803,1047.6428052835618,2160.0,200.0,510.0,1247.6428052835618,1047.6428052835618,0.05680643280386257,0.012662798496304839,0.06946923130016741,16.769327488435845,3.6342231684395374,20.403550656875336,19690.641190781655,442.76000566297864,30,-30,659.9999999999999
287.0,1.7795763602995438,6974535.7068133205,83595.71465516351,104.95374586830194,8.431173223716442,-2.5105847672654806,0.00031991254542102117,507.5963512001549,0.48600274124538073,0.48600274124538073,0.39215686274509803,1049.7659210900224,2160.0,200.0,510.0,1249.7659210900224,1049.7659210900224,0.056909019229539934,0.012662798496304839,0.06957181772584477,16.797781998050617,3.64055456768769,20.438336565738258,19711.927790107737,443.59834355525436,30,-30,659.9999999999999
287.5,1.7860898697247503,6974535.831808021,83600.11139324705,104.95390582457465,8.432280562099205,-2.5105296584304395,0.0002847596981773521,508.0642522463175,0.4869504774007894,0.48695047740078934,0.39215686274509803,1051.813031185705,2160.0,200.0,510.0,1251.813031185705,1051.813031185705,0.057007954044997276,0.012662798496304839,0.06967075254130212,16.826285975073116,3.6468859669358427,20.473171942008907,19732.212349470235,444.4165361712504,30,-30,659.9999999999999
